feature,kind,bin,count,bad,good,bad_rate,bad_distribution,good_distribution,woe,iv_contribution,categories,lower_bound,upper_bound
NAME_CONTRACT_TYPE,categorical,C0,119864.0,8414.0,111450.0,0.07019622238537009,1.0,1.0,0.0,0.0,Revolving loans|Cash loans,,
NAME_CONTRACT_TYPE,categorical,MISSING,0.0,0.0,0.0,,0.0,0.0,0.0,0.0,__MISSING__,,
NAME_CONTRACT_TYPE,categorical,OTHER,0.0,0.0,0.0,,0.0,0.0,0.0,0.0,,,
FLAG_OWN_CAR,categorical,C0,40982.0,2571.0,38411.0,0.06273485920648089,0.3055852644087938,0.3446492180420095,0.12029830291025695,0.004699327327040813,Y,,
FLAG_OWN_CAR,categorical,C1,78882.0,5843.0,73039.0,0.07407266550036763,0.6944147355912061,0.6553507819579905,-0.05789874647418973,0.002261753947689058,N,,
FLAG_OWN_CAR,categorical,MISSING,0.0,0.0,0.0,,0.0,0.0,0.0,0.0,__MISSING__,,
FLAG_OWN_CAR,categorical,OTHER,0.0,0.0,0.0,,0.0,0.0,0.0,0.0,,,
FLAG_OWN_REALTY,categorical,C0,83791.0,5825.0,77966.0,0.06951820601257892,0.6922756981580511,0.6995585503943437,0.010465209793888371,7.621657655069059e-05,Y,,
FLAG_OWN_REALTY,categorical,C1,36073.0,2589.0,33484.0,0.07177113076262025,0.3077243018419489,0.3004414496056563,-0.023951366472733476,0.00017443426287821066,N,,
FLAG_OWN_REALTY,categorical,MISSING,0.0,0.0,0.0,,0.0,0.0,0.0,0.0,__MISSING__,,
FLAG_OWN_REALTY,categorical,OTHER,0.0,0.0,0.0,,0.0,0.0,0.0,0.0,,,
CNT_CHILDREN,numeric,N0,84487.0,5680.0,78807.0,0.06722927787706985,0.6750445632798574,0.707104467434119,0.04639970818955666,0.001487570197342895,,-inf,0.0
CNT_CHILDREN,numeric,N1,35377.0,2734.0,32643.0,0.0772818497894112,0.3249554367201426,0.29289553256588097,-0.10387205384771742,0.0033301280906641233,,0.0,inf
CNT_CHILDREN,numeric,MISSING,0.0,0.0,0.0,,0.0,0.0,0.0,0.0,,,
AMT_INCOME_TOTAL,numeric,N0,81203.0,5993.0,75210.0,0.07380269201876778,0.7120708090768683,0.6748180847532144,-0.053734206937245683,0.002001745597783384,,-inf,180000.0
AMT_INCOME_TOTAL,numeric,N1,8917.0,639.0,8278.0,0.07166087249074801,0.07597718902221694,0.07427794675782617,-0.022619056611794,3.843525697540769e-05,,180000.0,211500.0
AMT_INCOME_TOTAL,numeric,N2,12399.0,803.0,11596.0,0.06476328736188403,0.09546156587857907,0.10404834324782644,0.08613191511050955,0.0007395955794408592,,211500.0,247500.0
AMT_INCOME_TOTAL,numeric,N3,5483.0,333.0,5150.0,0.06073317526901331,0.0396221931804681,0.046212304738320185,0.15385670382750724,0.0010139328421466809,,247500.0,279000.0
AMT_INCOME_TOTAL,numeric,N4,7441.0,408.0,7033.0,0.05483133987367289,0.04853273137697517,0.0631073187801136,0.2625983057571308,0.0038272619591733707,,279000.0,360000.0
AMT_INCOME_TOTAL,numeric,N5,4421.0,238.0,4183.0,0.05383397421397874,0.02833551146489248,0.037536001722699254,0.2811846782666951,0.0025870368930372605,,360000.0,inf
AMT_INCOME_TOTAL,numeric,MISSING,0.0,0.0,0.0,,0.0,0.0,0.0,0.0,,,
AMT_CREDIT,numeric,N0,78163.0,6033.0,72130.0,0.07718485728541637,0.7168230961150054,0.647183117547307,-0.10219980225206286,0.007117192038456676,,-inf,640080.0
AMT_CREDIT,numeric,N1,5743.0,370.0,5373.0,0.06442625805328225,0.04401805869074492,0.048213148143163485,0.09103179240450406,0.0003818865121508916,,640080.0,693000.0
AMT_CREDIT,numeric,N2,11993.0,754.0,11239.0,0.06287000750437756,0.08964001425686112,0.10084519932168717,0.11778485312400916,0.0013198010770878778,,693000.0,877500.0
AMT_CREDIT,numeric,N3,12723.0,748.0,11975.0,0.05879116560559616,0.08892717120114055,0.10744887979686504,0.1891974640606556,0.0035042602963815212,,877500.0,1125000.0
AMT_CREDIT,numeric,N4,5266.0,297.0,4969.0,0.0563995442461071,0.03534513484614471,0.04458830179537563,0.23231077828181326,0.0021472873077645685,,1125000.0,1345500.0
AMT_CREDIT,numeric,N5,5976.0,212.0,5764.0,0.03547523427041499,0.025246524890103362,0.05172135339560174,0.7171822031679744,0.018987275836067616,,1345500.0,inf
AMT_CREDIT,numeric,MISSING,0.0,0.0,0.0,,0.0,0.0,0.0,0.0,,,
AMT_ANNUITY,numeric,N0,95889.0,7025.0,88864.0,0.07326179228065785,0.8346798146608055,0.7973271244381039,-0.045783156520819206,0.0017101240629396207,,-inf,36445.5
AMT_ANNUITY,numeric,N1,5994.0,402.0,5592.0,0.06706706706706707,0.047819888321254604,0.050178101980206904,0.04813708936510423,0.00011351754164299631,,36445.5,40032.0
AMT_ANNUITY,numeric,N2,5989.0,370.0,5619.0,0.06177992987143096,0.04401805869074492,0.050420356562856095,0.13579501908161798,0.0008694001617095393,,40032.0,45059.85000000001
AMT_ANNUITY,numeric,N3,5995.0,312.0,5683.0,0.05204336947456213,0.03712724248544612,0.050994589647654166,0.3173685428097465,0.004401059761506842,,45059.85000000001,52659.0
AMT_ANNUITY,numeric,N4,5991.0,305.0,5686.0,0.050909697880153565,0.03629559225377213,0.05102150682350408,0.34055093787228685,0.005014924017749388,,52659.0,inf
AMT_ANNUITY,numeric,MISSING,6.0,0.0,6.0,0.0,5.940358797671379e-05,5.832054767480463e-05,-0.018400149679025656,1.992810366354578e-08,,,
AMT_GOODS_PRICE,numeric,N0,65381.0,5333.0,60048.0,0.08156803964454505,0.633658072947606,0.5387786780077701,-0.1622046211939685,0.015389876315329011,,-inf,450000.0
AMT_GOODS_PRICE,numeric,N1,25391.0,1668.0,23723.0,0.06569256823283841,0.19822977307829392,0.21285654042511193,0.07119159170060176,0.0010413028488543614,,450000.0,675000.0
AMT_GOODS_PRICE,numeric,N2,13918.0,763.0,13155.0,0.054821094984911625,0.09070927884044196,0.11803630229782958,0.2633325693146838,0.007196095298756516,,675000.0,900000.0
AMT_GOODS_PRICE,numeric,N3,9076.0,430.0,8646.0,0.04737769942706038,0.05114648924795057,0.07757978699541511,0.41661306275762905,0.011012457133355538,,900000.0,1257351.974999969
AMT_GOODS_PRICE,numeric,N4,5988.0,212.0,5776.0,0.035404141616566465,0.025246524890103362,0.05182902209900137,0.7192617464180393,0.019119773366624637,,1257351.974999969,inf
AMT_GOODS_PRICE,numeric,MISSING,110.0,8.0,102.0,0.07272727272727272,0.0010098609956041345,0.0009196701748719191,-0.09355287205837043,8.437610312800376e-06,,,
NAME_TYPE_SUITE,categorical,C0,15586.0,1017.0,14569.0,0.0652508661619402,0.12090066539923955,0.1307244374259771,0.07812231525129966,0.000767455815229691,Family,,
NAME_TYPE_SUITE,categorical,C1,97081.0,6876.0,90205.0,0.070827453363686,0.8170746197718631,0.8093663639952625,-0.00947874969567362,7.306462709662749e-05,Unaccompanied,,
NAME_TYPE_SUITE,categorical,C2,6669.0,497.0,6172.0,0.07452391662917979,0.05911359315589353,0.05538258622546029,-0.06519568432175812,0.0002432455500388177,"Spouse, partner|__RARE__|Children|Group of people|Other_B|Other_A",,
NAME_TYPE_SUITE,categorical,MISSING,528.0,24.0,504.0,0.045454545454545456,0.0029111216730038024,0.004526612353300075,0.44143537330053695,0.0007131347315201235,__MISSING__,,
NAME_TYPE_SUITE,categorical,OTHER,0.0,0.0,0.0,,0.0,0.0,0.0,0.0,,,
NAME_INCOME_TYPE,categorical,C0,21955.0,1005.0,20950.0,0.04577544978364837,0.11947480988593157,0.18797778415820263,0.45321823325878363,0.0310467969726506,Pensioner,,
NAME_INCOME_TYPE,categorical,C1,37277.0,2321.0,34956.0,0.06226359417335086,0.27584363117870725,0.3136462333560636,0.12843155393879147,0.004855046940567821,State servant|Commercial associate,,
NAME_INCOME_TYPE,categorical,C2,60609.0,5085.0,55524.0,0.08389843092610008,0.6042656844106464,0.49819204680041634,-0.19302833723873689,0.02047521789276706,Working,,
NAME_INCOME_TYPE,categorical,C3,23.0,3.0,20.0,0.13043478260869565,0.0004158745247148289,0.00018393568531744608,-0.8157974312934506,0.00018921510939756906,__RARE__|Maternity leave|Student|Unemployed|Businessman,,
NAME_INCOME_TYPE,categorical,MISSING,0.0,0.0,0.0,,0.0,0.0,0.0,0.0,__MISSING__,,
NAME_INCOME_TYPE,categorical,OTHER,0.0,0.0,0.0,,0.0,0.0,0.0,0.0,,,
NAME_EDUCATION_TYPE,categorical,C0,30291.0,1420.0,28871.0,0.04687861080849097,0.16879567464797102,0.2590499006294218,0.428331751954432,0.03865875073592603,Higher education,,
NAME_EDUCATION_TYPE,categorical,C1,88076.0,6851.0,81225.0,0.07778509469094873,0.8141524567761868,0.7287968309085118,-0.11075264423509833,0.009453361265186764,Incomplete higher|Secondary / secondary special,,
NAME_EDUCATION_TYPE,categorical,C2,1497.0,143.0,1354.0,0.09552438209752839,0.017051868575842195,0.01215326846206646,-0.33866164878195093,0.0016589679912547427,__RARE__|Lower secondary|Academic degree,,
NAME_EDUCATION_TYPE,categorical,MISSING,0.0,0.0,0.0,,0.0,0.0,0.0,0.0,__MISSING__,,
NAME_EDUCATION_TYPE,categorical,OTHER,0.0,0.0,0.0,,0.0,0.0,0.0,0.0,,,
NAME_FAMILY_STATUS,categorical,C0,81838.0,5238.0,76600.0,0.06400449668857988,0.6224823242825738,0.6872989596371516,0.09905413122207815,0.006420355503785942,__RARE__|Widow|Married|Unknown,,
NAME_FAMILY_STATUS,categorical,C1,26286.0,2141.0,24145.0,0.08145020162824317,0.25447091676073913,0.21664580557462215,-0.1609227658484569,0.006086921510595351,Separated|Single / not married,,
NAME_FAMILY_STATUS,categorical,C2,11740.0,1035.0,10705.0,0.08816013628620102,0.12304675895668707,0.09605523478822627,-0.24764104886383215,0.006684209355511108,Civil marriage,,
NAME_FAMILY_STATUS,categorical,MISSING,0.0,0.0,0.0,,0.0,0.0,0.0,0.0,__MISSING__,,
NAME_FAMILY_STATUS,categorical,OTHER,0.0,0.0,0.0,,0.0,0.0,0.0,0.0,,,
NAME_HOUSING_TYPE,categorical,C0,106636.0,7226.0,99410.0,0.06776323192917964,0.8587641117052882,0.8919659760791738,0.03793371219740581,0.001259469967576278,House / apartment,,
NAME_HOUSING_TYPE,categorical,C1,13228.0,1188.0,12040.0,0.0898094950105836,0.14123588829471181,0.10803402392082619,-0.26798524534282997,0.008897609770075105,Municipal apartment|__RARE__|With parents|Office apartment|Rented apartment|Co-op apartment,,
NAME_HOUSING_TYPE,categorical,MISSING,0.0,0.0,0.0,,0.0,0.0,0.0,0.0,__MISSING__,,
NAME_HOUSING_TYPE,categorical,OTHER,0.0,0.0,0.0,,0.0,0.0,0.0,0.0,,,
REGION_POPULATION_RELATIVE,numeric,N0,6011.0,488.0,5523.0,0.08118449509233072,0.0580304110239962,0.04955856227681375,-0.15781215454382844,0.0013369607037622953,,-inf,0.00496
REGION_POPULATION_RELATIVE,numeric,N1,12150.0,942.0,11208.0,0.07753086419753086,0.11196246139225469,0.10056615285229781,-0.10734790068153596,0.001223369797283431,,0.00496,0.007305
REGION_POPULATION_RELATIVE,numeric,N2,6100.0,469.0,5631.0,0.07688524590163934,0.05577334283677833,0.05052757191307625,-0.09877686253388722,0.0005181607934147833,,0.007305,0.0088659999999999
REGION_POPULATION_RELATIVE,numeric,N3,50269.0,3813.0,46456.0,0.07585191668821739,0.45301734378712283,0.4168221867317458,-0.08327069111125225,0.003013995742881562,,0.0088659999999999,0.022625
REGION_POPULATION_RELATIVE,numeric,N4,22354.0,1493.0,20861.0,0.06678894157645164,0.17741743882157282,0.18717587524898163,0.05354331689783867,0.0005224990540601627,,0.022625,0.030755
REGION_POPULATION_RELATIVE,numeric,N5,13503.0,826.0,12677.0,0.06117159149818559,0.09818246614397719,0.1137464783677571,0.1471444510347745,0.0022901580345666152,,0.030755,0.035792
REGION_POPULATION_RELATIVE,numeric,N6,5772.0,262.0,5510.0,0.04539154539154539,0.0311831789023521,0.04944192222800438,0.46091988072659745,0.008415817795877205,,0.035792,0.04622
REGION_POPULATION_RELATIVE,numeric,N7,3705.0,121.0,3584.0,0.032658569500674764,0.01443335709194583,0.03216125038132324,0.801220331139003,0.014203948531711877,,0.04622,inf
REGION_POPULATION_RELATIVE,numeric,MISSING,0.0,0.0,0.0,,0.0,0.0,0.0,0.0,,,
DAYS_BIRTH,numeric,N0,5996.0,223.0,5773.0,0.037191460973982654,0.02653921510419759,0.051800013458044546,0.6687669546758934,0.01689358718778405,,-inf,-23271.0
DAYS_BIRTH,numeric,N1,11985.0,555.0,11430.0,0.04630788485607009,0.0659621207623345,0.10255478545633986,0.4413164986219476,0.016148946658005408,,-23271.0,-21400.0
DAYS_BIRTH,numeric,N2,5999.0,288.0,5711.0,0.048008001333555594,0.03425755506738704,0.051243747616804614,0.4026864865634541,0.006840110197815283,,-21400.0,-20566.0
DAYS_BIRTH,numeric,N3,5986.0,309.0,5677.0,0.05162044771132643,0.036751172593955946,0.05093869860709239,0.3264527891926693,0.004631557438731943,,-20566.0,-19790.25
DAYS_BIRTH,numeric,N4,11988.0,703.0,11285.0,0.05864197530864197,0.08353618714005819,0.10125384115021421,0.19235072565497416,0.003408003605757275,,-19790.25,-18188.0
DAYS_BIRTH,numeric,N5,5992.0,387.0,5605.0,0.06458611481975968,0.046013180549783296,0.05029271246887827,0.08893229613785306,0.0003805885999603491,,-18188.0,-17376.799999999996
DAYS_BIRTH,numeric,N6,5998.0,396.0,5602.0,0.06602200733577859,0.04708187377545568,0.05026579637978602,0.06543677193778584,0.00020834561732712523,,-17376.799999999996,-16617.0
DAYS_BIRTH,numeric,N7,5988.0,417.0,5571.0,0.06963927855711423,0.04957549130202458,0.04998766345916605,0.00827965953380496,3.4126451304453184e-06,,-16617.0,-15898.5
DAYS_BIRTH,numeric,N8,11986.0,854.0,11132.0,0.07124979142332721,0.101466484593006,0.09988112060650921,-0.015747858022181704,2.4966086972831495e-05,,-15898.5,-14576.199999999983
DAYS_BIRTH,numeric,N9,5996.0,431.0,5565.0,0.0718812541694463,0.05123790298640385,0.04993383128098154,-0.02578079625259559,3.362000693626737e-05,,-14576.199999999983,-13945.0
DAYS_BIRTH,numeric,N10,5997.0,472.0,5525.0,0.07870601967650492,0.05610639434780027,0.04957495009308481,-0.123764119567354,0.0008083584476881117,,-13945.0,-13291.0
DAYS_BIRTH,numeric,N11,5993.0,497.0,5496.0,0.0829300850992825,0.059074986641334676,0.049314761231859676,-0.1805841442421225,0.0017625419531802624,,-13291.0,-12565.0
DAYS_BIRTH,numeric,N12,5990.0,501.0,5489.0,0.08363939899833055,0.059549961408300184,0.04925195702397775,-0.18986654438959655,0.0019552465065602155,,-12565.0,-11820.0
DAYS_BIRTH,numeric,N13,11987.0,1132.0,10855.0,0.09443563860849254,0.13447723089710859,0.09739586838032434,-0.3226111070452905,0.011962859412287506,,-11820.0,-10335.0
DAYS_BIRTH,numeric,N14,11983.0,1249.0,10734.0,0.10423099390803639,0.14837024283084962,0.09631025278693672,-0.4321360103277811,0.022496996395280525,,-10335.0,inf
DAYS_BIRTH,numeric,MISSING,0.0,0.0,0.0,,0.0,0.0,0.0,0.0,,,
DAYS_EMPLOYED,numeric,N0,4896.0,164.0,4732.0,0.03349673202614379,0.01953333729145639,0.0424601305430321,0.7764429202156579,0.01780134630343408,,-inf,-7351.9
DAYS_EMPLOYED,numeric,N1,4895.0,188.0,4707.0,0.03840653728294178,0.022383185893249422,0.04223582980059664,0.6349588609808485,0.012605612162867572,,-7351.9,-5393.799999999999
DAYS_EMPLOYED,numeric,N2,4902.0,226.0,4676.0,0.046103631170950635,0.026895446179421717,0.04195769687997667,0.4447049082891234,0.006698256816418075,,-5393.799999999999,-4462.0
DAYS_EMPLOYED,numeric,N3,4900.0,269.0,4631.0,0.05489795918367347,0.03200142492430089,0.04155395554359285,0.26121228568263694,0.0024952383571186267,,-4462.0,-3745.0
DAYS_EMPLOYED,numeric,N4,4883.0,278.0,4605.0,0.05693221380298997,0.03307011814997328,0.04132068277145998,0.22273306839855833,0.0018376735741643222,,-3745.0,-3231.5
DAYS_EMPLOYED,numeric,N5,4895.0,303.0,4592.0,0.061899897854954034,0.03603871044350769,0.04120404638539354,0.13394281392733437,0.0006918596309361885,,-3231.5,-2841.399999999994
DAYS_EMPLOYED,numeric,N6,4896.0,315.0,4581.0,0.06433823529411764,0.0374636347444042,0.041105354058721934,0.09276765976160664,0.0003378337782978989,,-2841.399999999994,-2503.0
DAYS_EMPLOYED,numeric,N7,9796.0,687.0,9109.0,0.07013066557778685,0.08163628807219617,0.08173070452863199,0.0011558818026197906,1.0913426386200814e-07,,-2503.0,-1905.0
DAYS_EMPLOYED,numeric,N8,4902.0,370.0,4532.0,0.07547939616483068,0.043994537790179894,0.04066572460354844,-0.07867989476952877,0.0002619106712315825,,-1905.0,-1671.0
DAYS_EMPLOYED,numeric,N9,4890.0,382.0,4508.0,0.07811860940695296,0.04541946209107641,0.0404503958908104,-0.11586426298902268,0.000575737193037485,,-1671.0,-1465.0
DAYS_EMPLOYED,numeric,N10,4888.0,423.0,4465.0,0.08653846153846154,0.05028795345247284,0.04006459861382141,-0.22727243763056196,0.002323486774942511,,-1465.0,-1268.0
DAYS_EMPLOYED,numeric,N11,9794.0,860.0,8934.0,0.08780886256891975,0.10217894674345425,0.08016059933158379,-0.24269354199527154,0.005343710722269262,,-1268.0,-930.0
DAYS_EMPLOYED,numeric,N12,4912.0,470.0,4442.0,0.09568403908794788,0.05586890696431752,0.03985824193078079,-0.33767879165902137,0.005406462022182028,,-930.0,-777.0
DAYS_EMPLOYED,numeric,N13,24454.0,2471.0,21983.0,0.1010468634988141,0.2934750341388114,0.19723661485319516,-0.39738847445965875,0.03824403862432003,,-777.0,inf
DAYS_EMPLOYED,numeric,MISSING,21961.0,1008.0,20953.0,0.045899549200856066,0.11975301312117793,0.18799542426485433,0.4509862257790554,0.030776387439749166,,,
DAYS_REGISTRATION,numeric,N0,5994.0,302.0,5692.0,0.05038371705038372,0.03593063309181613,0.05107442465569064,0.3516936548296299,0.005325975403077144,,-inf,-11517.849999999999
DAYS_REGISTRATION,numeric,N1,5993.0,324.0,5669.0,0.054063073585850156,0.03854377004394821,0.05086806334395047,0.27744080763038104,0.003419261886626321,,-11517.849999999999,-10013.699999999999
DAYS_REGISTRATION,numeric,N2,5995.0,355.0,5640.0,0.05921601334445371,0.042225917567407054,0.05060786864653896,0.18107287816431067,0.0015177440065308643,,-10013.699999999999,-9109.0
DAYS_REGISTRATION,numeric,N3,5994.0,367.0,5627.0,0.061227894561227895,0.04365126499584274,0.05049122964425104,0.14556738849062706,0.0009956757912370068,,-9109.0,-8324.0
DAYS_REGISTRATION,numeric,N4,17980.0,1175.0,16805.0,0.06535038932146829,0.13962465851051195,0.15078282714997085,0.07688275914878748,0.0008578707920490721,,-8324.0,-6208.0
DAYS_REGISTRATION,numeric,N5,5999.0,414.0,5585.0,0.06901150191698617,0.04923387575721582,0.05011439594455161,0.017726392798184686,1.560844670744535e-05,,-6208.0,-5555.0
DAYS_REGISTRATION,numeric,N6,53931.0,4015.0,49916.0,0.07444697854666148,0.47695688324028984,0.4478623659773003,-0.06294012886003732,0.001831212665653143,,-5555.0,-1083.0
DAYS_REGISTRATION,numeric,N7,5995.0,452.0,5543.0,0.07539616346955796,0.05374747594726215,0.04973756224485218,-0.07753627956494336,0.0003109137898613563,,-1083.0,-704.0
DAYS_REGISTRATION,numeric,N8,5991.0,487.0,5504.0,0.0812885995660157,0.05790473928019955,0.04938764523798843,-0.15909893756481264,0.0013550606132553846,,-704.0,-337.0
DAYS_REGISTRATION,numeric,N9,5992.0,523.0,5469.0,0.087283044058745,0.06218078156550659,0.04907361715490557,-0.23672441238811479,0.003102785793173938,,-337.0,inf
DAYS_REGISTRATION,numeric,MISSING,0.0,0.0,0.0,,0.0,0.0,0.0,0.0,,,
DAYS_ID_PUBLISH,numeric,N0,11992.0,606.0,11386.0,0.05053368912608405,0.07203943461218672,0.10216230765779911,0.3493491281034591,0.01052339943445588,,-inf,-4727.0
DAYS_ID_PUBLISH,numeric,N1,18036.0,1006.0,17030.0,0.05577733422044799,0.11955101556004276,0.15280157911264636,0.2453970224615482,0.008159589290977402,,-4727.0,-4312.0
DAYS_ID_PUBLISH,numeric,N2,5971.0,352.0,5619.0,0.05895159939708591,0.041869580710298136,0.050419451796689246,0.1858174830686297,0.0015887155258344466,,-4312.0,-4187.0
DAYS_ID_PUBLISH,numeric,N3,6006.0,402.0,5604.0,0.06693306693306693,0.04780852832878014,0.050284868332510876,0.05050016296516327,0.0001250555737455553,,-4187.0,-4067.0
DAYS_ID_PUBLISH,numeric,N4,17932.0,1205.0,16727.0,0.06719830470666964,0.14318802708160114,0.15008299313624332,0.04702978739837748,0.0003242687876688514,,-4067.0,-3303.0
DAYS_ID_PUBLISH,numeric,N5,5993.0,436.0,5557.0,0.07275154346737861,0.051847012709347905,0.049863173478085325,-0.03901459507867405,7.739868430889756e-05,,-3303.0,-2999.0
DAYS_ID_PUBLISH,numeric,N6,23983.0,1816.0,22167.0,0.07572030188049869,0.21576196697945124,0.19889192947826478,-0.08141418604446325,0.0013734603716986662,,-2999.0,-1742.0
DAYS_ID_PUBLISH,numeric,N7,5986.0,473.0,5513.0,0.07901770798529903,0.05624183394702459,0.049468395316495446,-0.12832686906476848,0.000869214172258158,,-1742.0,-1392.0
DAYS_ID_PUBLISH,numeric,N8,17985.0,1544.0,16441.0,0.08584931887684182,0.18345409193490914,0.1475169350859091,-0.21802147267211747,0.00783507185986786,,-1392.0,-371.0
DAYS_ID_PUBLISH,numeric,N9,5980.0,574.0,5406.0,0.0959866220735786,0.06823850813635823,0.04850836660535642,-0.3412727505405872,0.00673335966884006,,-371.0,inf
DAYS_ID_PUBLISH,numeric,MISSING,0.0,0.0,0.0,,0.0,0.0,0.0,0.0,,,
OWN_CAR_AGE,numeric,N0,14208.0,693.0,13515.0,0.048775337837837836,0.08239277652370203,0.12126636339981876,0.38649170706121444,0.01502431895134278,,-inf,6.0
OWN_CAR_AGE,numeric,N1,5253.0,259.0,4994.0,0.049305158956786596,0.03083046215991446,0.044812611594124876,0.3739863762256986,0.005229133398746555,,6.0,8.0
OWN_CAR_AGE,numeric,N2,11902.0,803.0,11099.0,0.06746765249537892,0.09546156587857907,0.09958906444869138,0.0423286489226923,0.0001747114379031985,,8.0,15.0
OWN_CAR_AGE,numeric,N3,3945.0,316.0,3629.0,0.08010139416983524,0.03760247118925983,0.03256529658241591,-0.14382257199989784,0.0007244594075688669,,15.0,19.0
OWN_CAR_AGE,numeric,N4,5669.0,500.0,5169.0,0.08819897689186805,0.05946299156469051,0.04638278018536962,-0.24842585486908988,0.003249462693776189,,19.0,inf
OWN_CAR_AGE,numeric,MISSING,78887.0,5843.0,73044.0,0.07406797064155057,0.6942497326838541,0.6553838837895795,-0.05761059506607661,0.0022390846825473807,,,
FLAG_MOBIL,numeric,N0,119864.0,8414.0,111450.0,0.07019622238537009,1.0,1.0,0.0,0.0,,-inf,1.0
FLAG_MOBIL,numeric,N1,0.0,0.0,0.0,,0.0,0.0,0.0,0.0,,1.0,inf
FLAG_MOBIL,numeric,MISSING,0.0,0.0,0.0,,0.0,0.0,0.0,0.0,,,
FLAG_EMP_PHONE,numeric,N0,21966.0,1009.0,20957.0,0.04593462624055358,0.11996434937611408,0.18804227866954984,0.44947221397679765,0.030599137602476456,,-inf,0.0
FLAG_EMP_PHONE,numeric,N1,97898.0,7405.0,90493.0,0.07563995178655335,0.8800356506238859,0.8119577213304502,-0.08051414724516202,0.005481236423277411,,0.0,inf
FLAG_EMP_PHONE,numeric,MISSING,0.0,0.0,0.0,,0.0,0.0,0.0,0.0,,,
FLAG_WORK_PHONE,numeric,N0,96632.0,6453.0,90179.0,0.06677912078814471,0.7669043374925728,0.8091403397008551,0.0536103044355172,0.0022642849365251895,,-inf,0.0
FLAG_WORK_PHONE,numeric,N1,23232.0,1961.0,21271.0,0.084409435261708,0.23309566250742722,0.19085966029914492,-0.1999105428624194,0.00844342212979606,,0.0,inf
FLAG_WORK_PHONE,numeric,MISSING,0.0,0.0,0.0,,0.0,0.0,0.0,0.0,,,
FLAG_CONT_MOBILE,numeric,N0,119864.0,8414.0,111450.0,0.07019622238537009,1.0,1.0,0.0,0.0,,-inf,1.0
FLAG_CONT_MOBILE,numeric,N1,0.0,0.0,0.0,,0.0,0.0,0.0,0.0,,1.0,inf
FLAG_CONT_MOBILE,numeric,MISSING,0.0,0.0,0.0,,0.0,0.0,0.0,0.0,,,
FLAG_PHONE,numeric,N0,86142.0,6401.0,79741.0,0.07430753871514476,0.7607248960190137,0.7154848318992203,-0.061311389773944895,0.0027737312046469138,,-inf,0.0
FLAG_PHONE,numeric,N1,33722.0,2013.0,31709.0,0.05969396832928059,0.23927510398098634,0.2845151681007797,0.1731726144376842,0.007834340180953088,,0.0,inf
FLAG_PHONE,numeric,MISSING,0.0,0.0,0.0,,0.0,0.0,0.0,0.0,,,
FLAG_EMAIL,numeric,N0,113115.0,7954.0,105161.0,0.07031781814967068,0.9452762923351159,0.9435671281549739,-0.0018097473068300288,3.0931552719423347e-06,,-inf,0.0
FLAG_EMAIL,numeric,N1,6749.0,460.0,6289.0,0.0681582456660246,0.05472370766488414,0.056432871845026066,0.030754794801242824,5.2564993641899426e-05,,0.0,inf
FLAG_EMAIL,numeric,MISSING,0.0,0.0,0.0,,0.0,0.0,0.0,0.0,,,
OCCUPATION_TYPE,categorical,C0,19114.0,970.0,18144.0,0.050748142722611696,0.11530236426280148,0.1627995657362296,0.34496185371737914,0.016384722666661602,Accountants|High skill tech staff|Core staff,,
OCCUPATION_TYPE,categorical,C1,22139.0,1596.0,20543.0,0.07208997696372917,0.18967565640964715,0.1843243340242075,-0.028618651108116042,0.00015314762831594847,Managers|__RARE__|Secretaries|Cooking staff|Private service staff|Cleaning staff|Low-skill Laborers|Medicine staff|Security staff|HR staff|Waiters/barmen staff|Realty agents|IT staff,,
OCCUPATION_TYPE,categorical,C2,12086.0,1037.0,11049.0,0.08580175409564786,0.12326244505168112,0.09914044485119287,-0.21777830219205616,0.005253248249138767,Sales staff,,
OCCUPATION_TYPE,categorical,C3,21173.0,1965.0,19208.0,0.09280687668256742,0.23351550433646193,0.17234619077099764,-0.3037432836196927,0.01857976815913674,Laborers,,
OCCUPATION_TYPE,categorical,C4,7252.0,699.0,6553.0,0.09638720353006067,0.0831056195794226,0.05880057064412802,-0.345960764186498,0.008408593303244742,Drivers,,
OCCUPATION_TYPE,categorical,MISSING,38100.0,2147.0,35953.0,0.05635170603674541,0.25513841035998575,0.3225888939732443,0.2345725548521819,0.01582203226717729,__MISSING__,,
OCCUPATION_TYPE,categorical,OTHER,0.0,0.0,0.0,,0.0,0.0,0.0,0.0,,,
CNT_FAM_MEMBERS,numeric,N0,88818.0,6082.0,82736.0,0.06847711049562026,0.7227734537460638,0.742354297609274,0.026730788171146175,0.0005234113895197575,,-inf,2.0
CNT_FAM_MEMBERS,numeric,N1,31045.0,2332.0,28713.0,0.07511676598486068,0.27716713207771376,0.25763224362166504,-0.07308753340148277,0.0014277568125257015,,2.0,inf
CNT_FAM_MEMBERS,numeric,MISSING,1.0,0.0,1.0,0.0,5.941417622244667e-05,1.3458769060981682e-05,-1.4849019864393154,6.82392753816869e-05,,,
REGION_RATING_CLIENT,numeric,N0,13879.0,585.0,13294.0,0.04215001080769508,0.06957400035648506,0.11928507018748065,0.5391252367013653,0.026800492289313593,,-inf,1.0
REGION_RATING_CLIENT,numeric,N1,88482.0,6129.0,82353.0,0.06926832576117177,0.7283583863109738,0.73891782524237,0.01439350157805985,0.00015198730092247804,,1.0,2.0
REGION_RATING_CLIENT,numeric,N2,17503.0,1700.0,15803.0,0.09712620693595383,0.20206761333254114,0.14179710457014935,-0.3542051660839833,0.021348125566149154,,2.0,inf
REGION_RATING_CLIENT,numeric,MISSING,0.0,0.0,0.0,,0.0,0.0,0.0,0.0,,,
REGION_RATING_CLIENT_W_CITY,numeric,N0,14707.0,621.0,14086.0,0.04222479091589039,0.07385182104450122,0.126391300251679,0.5373219848545873,0.028230617250827077,,-inf,1.0
REGION_RATING_CLIENT_W_CITY,numeric,N1,89318.0,6219.0,83099.0,0.06962762265164917,0.7390529380310142,0.7456113197220315,0.008834892220821705,5.7942595383148255e-05,,1.0,2.0
REGION_RATING_CLIENT_W_CITY,numeric,N2,15839.0,1574.0,14265.0,0.09937496054043816,0.18709524092448457,0.12799738002628946,-0.3796080017914754,0.02243402088571441,,2.0,inf
REGION_RATING_CLIENT_W_CITY,numeric,MISSING,0.0,0.0,0.0,,0.0,0.0,0.0,0.0,,,
WEEKDAY_APPR_PROCESS_START,categorical,C0,19968.0,1345.0,18623.0,0.06735777243589744,0.15985505524533683,0.16709734148026523,0.044309025784214334,0.0003208986475201029,MONDAY,,
WEEKDAY_APPR_PROCESS_START,categorical,C1,32851.0,2240.0,30611.0,0.06818666098444492,0.26618747772365453,0.2746583761765049,0.031327192965658106,0.0002653694704249383,SATURDAY|FRIDAY,,
WEEKDAY_APPR_PROCESS_START,categorical,C2,19977.0,1377.0,18600.0,0.0689292686589578,0.1636568848758465,0.16689097646541592,0.01956869289278375,6.328694510341872e-05,WEDNESDAY,,
WEEKDAY_APPR_PROCESS_START,categorical,C3,19699.0,1429.0,18270.0,0.07254175338849687,0.16983485802542472,0.16393008712192583,-0.03538650263660676,0.00020894919114522237,THURSDAY,,
WEEKDAY_APPR_PROCESS_START,categorical,C4,21002.0,1550.0,19452.0,0.07380249500047614,0.18421052631578946,0.1745354544067903,-0.053951370189980793,0.000521983386177098,TUESDAY,,
WEEKDAY_APPR_PROCESS_START,categorical,C5,6367.0,473.0,5894.0,0.07428930422490969,0.056255197813947964,0.052887764349097824,-0.06172642803451328,0.00020785963942908392,SUNDAY,,
WEEKDAY_APPR_PROCESS_START,categorical,MISSING,0.0,0.0,0.0,,0.0,0.0,0.0,0.0,__MISSING__,,
WEEKDAY_APPR_PROCESS_START,categorical,OTHER,0.0,0.0,0.0,,0.0,0.0,0.0,0.0,,,
HOUR_APPR_PROCESS_START,numeric,N0,8489.0,742.0,7747.0,0.08740723288962186,0.08820908820908821,0.06951329478212886,-0.23819197251777244,0.004453187914152251,,-inf,7.0
HOUR_APPR_PROCESS_START,numeric,N1,5629.0,461.0,5168.0,0.08189731746313733,0.054826254826254826,0.04637359975236309,-0.16743885543718845,0.001415302890977776,,7.0,8.0
HOUR_APPR_PROCESS_START,numeric,N2,10432.0,760.0,9672.0,0.07285276073619631,0.09034749034749034,0.08678507180124446,-0.04022861662750049,0.00014331116996362312,,8.0,9.0
HOUR_APPR_PROCESS_START,numeric,N3,54598.0,3885.0,50713.0,0.07115645261731199,0.4615978615978616,0.45501935784878894,-0.014354119827641976,9.44286311007808e-05,,9.0,13.0
HOUR_APPR_PROCESS_START,numeric,N4,20807.0,1365.0,19442.0,0.06560292209352622,0.16222156222156223,0.17444494789306753,0.0726461381525178,0.0008879817641836806,,13.0,15.0
HOUR_APPR_PROCESS_START,numeric,N5,8057.0,523.0,7534.0,0.06491249844855405,0.06219186219186219,0.06760218387040336,0.08341613004479663,0.00045130809672137205,,15.0,16.0
HOUR_APPR_PROCESS_START,numeric,N6,11852.0,678.0,11174.0,0.057205534930813366,0.0806058806058806,0.10026154405200376,0.21821060497373257,0.004289074211738615,,16.0,inf
HOUR_APPR_PROCESS_START,numeric,MISSING,0.0,0.0,0.0,,0.0,0.0,0.0,0.0,,,
REG_REGION_NOT_LIVE_REGION,numeric,N0,118006.0,8258.0,109748.0,0.0699794925681745,0.9814022578728461,0.9847242285847593,0.0033792066745820587,1.1225625602463207e-05,,-inf,0.0
REG_REGION_NOT_LIVE_REGION,numeric,N1,1858.0,156.0,1702.0,0.08396124865446716,0.018597742127153892,0.015275771415240778,-0.19677217673886316,0.0006536714080458944,,0.0,inf
REG_REGION_NOT_LIVE_REGION,numeric,MISSING,0.0,0.0,0.0,,0.0,0.0,0.0,0.0,,,
REG_REGION_NOT_WORK_REGION,numeric,N0,113537.0,7926.0,105611.0,0.06980984172560487,0.9419489007724302,0.9476047769871961,0.005986485774504881,3.385882250205676e-05,,-inf,0.0
REG_REGION_NOT_WORK_REGION,numeric,N1,6327.0,488.0,5839.0,0.07712976134028765,0.05805109922756982,0.05239522301280383,-0.10250822054654003,0.0005797738064071618,,0.0,inf
REG_REGION_NOT_WORK_REGION,numeric,MISSING,0.0,0.0,0.0,,0.0,0.0,0.0,0.0,,,
LIVE_REGION_NOT_WORK_REGION,numeric,N0,114769.0,8045.0,106724.0,0.07009732593296099,0.9560903149138443,0.9575912284322258,0.001568613995736226,2.3543539513228307e-06,,-inf,0.0
LIVE_REGION_NOT_WORK_REGION,numeric,N1,5095.0,369.0,4726.0,0.07242394504416094,0.04390968508615568,0.04240877156777418,-0.03477969530514016,5.220131484867436e-05,,0.0,inf
LIVE_REGION_NOT_WORK_REGION,numeric,MISSING,0.0,0.0,0.0,,0.0,0.0,0.0,0.0,,,
REG_CITY_NOT_LIVE_CITY,numeric,N0,110903.0,7423.0,103480.0,0.0669323643183683,0.882174688057041,0.9284842666283838,0.05116334029748443,0.0023693527274787026,,-inf,0.0
REG_CITY_NOT_LIVE_CITY,numeric,N1,8961.0,991.0,7970.0,0.11059033590001116,0.117825311942959,0.07151573337161622,-0.49928564766847194,0.02312170793024687,,0.0,inf
REG_CITY_NOT_LIVE_CITY,numeric,MISSING,0.0,0.0,0.0,,0.0,0.0,0.0,0.0,,,
REG_CITY_NOT_WORK_CITY,numeric,N0,92961.0,5875.0,87086.0,0.06319854562666065,0.6982174688057041,0.7813882333940476,0.11254151001195237,0.009360163435620792,,-inf,0.0
REG_CITY_NOT_WORK_CITY,numeric,N1,26903.0,2539.0,24364.0,0.09437609188566332,0.3017825311942959,0.21861176660595238,-0.32240926119606206,0.026815024764039425,,0.0,inf
REG_CITY_NOT_WORK_CITY,numeric,MISSING,0.0,0.0,0.0,,0.0,0.0,0.0,0.0,,,
LIVE_CITY_NOT_WORK_CITY,numeric,N0,98694.0,6541.0,92153.0,0.06627555879790058,0.777361853832442,0.82685215924487,0.06171996319525284,0.0030545398285768744,,-inf,0.0
LIVE_CITY_NOT_WORK_CITY,numeric,N1,21170.0,1873.0,19297.0,0.0884742560226736,0.22263814616755792,0.17314784075513007,-0.25140199019205567,0.012441961275897027,,0.0,inf
LIVE_CITY_NOT_WORK_CITY,numeric,MISSING,0.0,0.0,0.0,,0.0,0.0,0.0,0.0,,,
ORGANIZATION_TYPE,categorical,C0,21961.0,1008.0,20953.0,0.045899549200856066,0.11983127376425856,0.18800470157556617,0.45038226949900356,0.03070410313718321,XNA,,
ORGANIZATION_TYPE,categorical,C1,52392.0,3629.0,48763.0,0.06926630019850359,0.4312618821292776,0.43752916053547714,0.014427835499457602,9.04232618739501e-05,Medicine|Government|Other|__RARE__|Trade: type 3|Kindergarten|Trade: type 7|Security Ministries|Police|School|Business Entity Type 1|Construction|Agriculture|Legal Services|Industry: type 11|Security|Transport: type 2|Military|Industry: type 3|Industry: type 2|Industry: type 9|Housing|Emergency|Bank|Restaurant|Industry: type 7|Mobile|University|Insurance|Transport: type 4|Transport: type 3|Services|Industry: type 4|Industry: type 1|Cleaning|Telecom|Transport: type 1|Advertising|Trade: type 2|Hotel|Trade: type 6|Postal|Industry: type 5|Industry: type 13|Realtor|Industry: type 6|Electricity|Trade: type 1|Culture|Industry: type 12|Religion|Industry: type 10|Trade: type 4|Industry: type 8|Trade: type 5,,
ORGANIZATION_TYPE,categorical,C2,30776.0,2425.0,28351.0,0.07879516506368599,0.2882010456273764,0.2543830527940279,-0.12481709881859585,0.004221063753326628,Business Entity Type 2|Business Entity Type 3,,
ORGANIZATION_TYPE,categorical,C3,14735.0,1352.0,13383.0,0.09175432643366135,0.16070579847908745,0.12008308509492877,-0.2913914757337009,0.01183711240131716,Self-employed,,
ORGANIZATION_TYPE,categorical,MISSING,0.0,0.0,0.0,,0.0,0.0,0.0,0.0,__MISSING__,,
ORGANIZATION_TYPE,categorical,OTHER,0.0,0.0,0.0,,0.0,0.0,0.0,0.0,,,
EXT_SOURCE_1,numeric,N0,7787.0,1024.0,6763.0,0.13150121998202133,0.12170349251603706,0.060684228470938684,-0.6959038605230267,0.04246354141525788,,-inf,0.27581555113011497
EXT_SOURCE_1,numeric,N1,7787.0,661.0,7126.0,0.08488506485167586,0.0785816108339273,0.06394117752615429,-0.2061741536332456,0.0030184789460540786,,0.27581555113011497,0.394916249800447
EXT_SOURCE_1,numeric,N2,5191.0,353.0,4838.0,0.06800231169331536,0.04199334758850083,0.043412528935704416,0.03323686961104878,4.716914539143807e-05,,0.394916249800447,0.46659686309839343
EXT_SOURCE_1,numeric,N3,7787.0,421.0,7366.0,0.05406446641838963,0.05007127583749109,0.06609453227340427,0.2776385173321779,0.004448673159700213,,0.46659686309839343,0.5674506128899706
EXT_SOURCE_1,numeric,N4,5191.0,253.0,4938.0,0.04873820073203622,0.030114041339985746,0.04430976008039191,0.3862134179436233,0.005482577054898612,,0.5674506128899706,0.6319691509266724
EXT_SOURCE_1,numeric,N5,5191.0,203.0,4988.0,0.03910614525139665,0.0241743882157282,0.04475837565273566,0.6159848580975913,0.012679424580467643,,0.6319691509266724,0.6969945843795549
EXT_SOURCE_1,numeric,N6,12978.0,366.0,12612.0,0.02820157189089228,0.04353765740080779,0.11316327812371023,0.9552054639618374,0.06650677334625094,,0.6969945843795549,inf
EXT_SOURCE_1,numeric,MISSING,67952.0,5133.0,62819.0,0.07553861549328938,0.609824186267522,0.5636361189369605,-0.07876183230002469,0.0036378568133519315,,,
EXT_SOURCE_2,numeric,N0,5987.0,1124.0,4863.0,0.18774010355770837,0.133495577847688,0.04363468345004239,-1.1182160264628527,0.10048389226773329,,-inf,0.1572733295432992
EXT_SOURCE_2,numeric,N1,5974.0,758.0,5216.0,0.1268831603615668,0.0900457054668487,0.04680175310314509,-0.6543967182535403,0.02829870051112007,,0.1572733295432992,0.2467856705956364
EXT_SOURCE_2,numeric,N2,5975.0,658.0,5317.0,0.1101255230125523,0.07817415563601829,0.0477079118424181,-0.49384185148192106,0.015045506242731104,,0.2467856705956364,0.311002027845913
EXT_SOURCE_2,numeric,N3,5979.0,612.0,5367.0,0.10235825388861014,0.07271324271383629,0.04815650527770177,-0.41206729003892345,0.010119028247505336,,0.311002027845913,0.3740640622687354
EXT_SOURCE_2,numeric,N4,5981.0,548.0,5433.0,0.09162347433539542,0.06511545082210482,0.04874864861227621,-0.28948438458535614,0.004737933665342483,,0.3740640622687354,0.4288177160311384
EXT_SOURCE_2,numeric,N5,5975.0,468.0,5507.0,0.07832635983263599,0.055618210957440496,0.049412566896496035,-0.11830590037495625,0.0007341643080365344,,0.4288177160311384,0.4733563482855031
EXT_SOURCE_2,numeric,N6,5978.0,461.0,5517.0,0.07711609233857478,0.05478720246928236,0.04950228558355277,-0.10143779318499292,0.0005360903060545155,,0.4733563482855031,0.508516296415374
EXT_SOURCE_2,numeric,N7,5981.0,428.0,5553.0,0.07155993980939643,0.05086959102510833,0.04982527285695701,-0.020742976803637375,2.166226753757994e-05,,0.508516296415374,0.5385814547552851
EXT_SOURCE_2,numeric,N8,5976.0,425.0,5551.0,0.07111780455153949,0.050513444530183416,0.04980732911954566,-0.014077384892086025,9.940258413781026e-06,,0.5385814547552851,0.5642287747382214
EXT_SOURCE_2,numeric,N9,11958.0,722.0,11236.0,0.06037798963037297,0.08577194752774975,0.10081240271129872,0.16156938969648252,0.002430077164763305,,0.5642287747382214,0.6061061902538124
EXT_SOURCE_2,numeric,N10,5977.0,329.0,5648.0,0.05504433662372428,0.03911675669258622,0.050677600383995984,0.25893307085144396,0.0029934847586502735,,0.6061061902538124,0.6247282979454978
EXT_SOURCE_2,numeric,N11,11957.0,599.0,11358.0,0.05009617797106298,0.07116994123582834,0.10190697069339087,0.35898978946272886,0.011034279733680067,,0.6247282979454978,0.6586061749709047
EXT_SOURCE_2,numeric,N12,5981.0,280.0,5701.0,0.04681491389399766,0.033299697275479316,0.05115310942539667,0.42927497476168464,0.007664023050065727,,0.6586061749709047,0.6751487463200013
EXT_SOURCE_2,numeric,N13,5976.0,256.0,5720.0,0.0428380187416332,0.030450525316080015,0.051323574930804465,0.5220469511571968,0.0108967119127198,,0.6751487463200013,0.6920517787017804
EXT_SOURCE_2,numeric,N14,5978.0,232.0,5746.0,0.038808966209434595,0.027601353356680715,0.05155684351715197,0.6248201504084249,0.014967872965173193,,0.6920517787017804,0.7094838193523384
EXT_SOURCE_2,numeric,N15,5980.0,199.0,5781.0,0.03327759197324415,0.02368374191250668,0.05187085892185054,0.7839683298661209,0.022097807045556233,,0.7094838193523384,0.7291434219375909
EXT_SOURCE_2,numeric,N16,5977.0,157.0,5820.0,0.026267358206458088,0.018697690983557905,0.0522207618013718,1.0270801120496305,0.034430879331807995,,0.7291434219375909,0.7529064505342501
EXT_SOURCE_2,numeric,N17,5979.0,134.0,5845.0,0.022411774544238167,0.015967234522466907,0.05244505851901363,1.1892273370320023,0.04338042549213534,,0.7529064505342501,inf
EXT_SOURCE_2,numeric,MISSING,295.0,24.0,271.0,0.08135593220338982,0.0029085297085534516,0.0024358623535903176,-0.17734685554966859,8.382606912369084e-05,,,
EXT_SOURCE_3,numeric,N0,4727.0,897.0,3830.0,0.1897609477469854,0.10655981003265064,0.034367051413754894,-1.1316081264151336,0.0816939123214686,,-inf,0.1735274304649146
EXT_SOURCE_3,numeric,N1,4717.0,662.0,4055.0,0.1403434386262455,0.07865835559513208,0.036385739983940214,-0.7709369223595529,0.032589520179380646,,0.1735274304649146,0.2525986978339766
EXT_SOURCE_3,numeric,N2,4746.0,527.0,4219.0,0.1110408765276022,0.06262986049272781,0.03785713965287529,-0.5034225767617755,0.012471146958598694,,0.2525986978339766,0.3108182544189319
EXT_SOURCE_3,numeric,N3,4718.0,436.0,4282.0,0.09241203899957609,0.05182546749777382,0.03842237245252717,-0.29924177309095723,0.004010765926246231,,0.3108182544189319,0.3589512285783967
EXT_SOURCE_3,numeric,N4,4703.0,432.0,4271.0,0.09185626196045078,0.051350549124369246,0.03832368101131811,-0.2926076217898359,0.0038117608979297397,,0.3589512285783967,0.3996756156233169
EXT_SOURCE_3,numeric,N5,4823.0,362.0,4461.0,0.07505701845324486,0.04303947758978925,0.0400283513594746,-0.07252979096409859,0.0002183963560512359,,0.3996756156233169,0.4382813743111921
EXT_SOURCE_3,numeric,N6,4787.0,327.0,4460.0,0.06831000626697305,0.03888394182249926,0.04001937941027378,0.0287824632689563,3.2680690664312456e-05,,0.4382813743111921,0.4722533429586386
EXT_SOURCE_3,numeric,N7,4490.0,261.0,4229.0,0.05812917594654789,0.031047788661323836,0.03794685914488352,0.20065915022951644,0.0013843616206046256,,0.4722533429586386,0.5028782772082183
EXT_SOURCE_3,numeric,N8,9428.0,516.0,8912.0,0.054730589732711075,0.06132383496586524,0.07996249725234056,0.26538914815328296,0.004946498706924405,,0.5028782772082183,0.5585066276769286
EXT_SOURCE_3,numeric,N9,9635.0,438.0,9197.0,0.04545926310326933,0.0520629266844761,0.08251950277457529,0.4605815471571165,0.014027736936686325,,0.5585066276769286,0.6127042441012546
EXT_SOURCE_3,numeric,N10,4530.0,200.0,4330.0,0.04415011037527594,0.023805283466904126,0.03885302601416671,0.4898784130149004,0.007371564238509789,,0.6127042441012546,0.6347055309763198
EXT_SOURCE_3,numeric,N11,5028.0,216.0,4812.0,0.04295942720763723,0.02570495696052241,0.0431775055289637,0.51863580314392,0.009061889259764698,,0.6347055309763198,0.6594055320683344
EXT_SOURCE_3,numeric,N12,4630.0,179.0,4451.0,0.038660907127429804,0.021311962006530127,0.039938631867466365,0.6280755610758171,0.011698956123881539,,0.6594055320683344,0.6832688314232291
EXT_SOURCE_3,numeric,N13,4626.0,158.0,4468.0,0.03415477734543882,0.01881864054615613,0.040091155003880365,0.7563078394945361,0.0160885694501377,,0.6832688314232291,0.7076993447402619
EXT_SOURCE_3,numeric,N14,13985.0,445.0,13540.0,0.03181980693600286,0.052894033837934104,0.12148467815375229,0.8314975984858801,0.057032956027202,,0.7076993447402619,0.7958031328748403
EXT_SOURCE_3,numeric,N15,4693.0,133.0,4560.0,0.02834008097165992,0.01585040071237756,0.04091657433035614,0.9483404397703338,0.023771266112233347,,0.7958031328748403,inf
EXT_SOURCE_3,numeric,MISSING,25598.0,2225.0,23373.0,0.0869208531916556,0.2642327100029682,0.209705854645451,-0.23112433549064568,0.012602483210900722,,,
APARTMENTS_AVG,numeric,N0,9395.0,743.0,8652.0,0.07908461947844599,0.08833313532137341,0.07763362134711493,-0.12911469753127272,0.0013814645105180085,,-inf,0.0309
APARTMENTS_AVG,numeric,N1,9143.0,567.0,8576.0,0.06201465602099967,0.06742307235357016,0.0769517195589172,0.13219092735375948,0.0012596007105016346,,0.0309,0.0619
APARTMENTS_AVG,numeric,N2,5871.0,347.0,5524.0,0.05910407085675354,0.04128549364381608,0.049567979327608945,0.18283385240782046,0.00151431876508047,,0.0619,0.0753
APARTMENTS_AVG,numeric,N3,27258.0,1586.0,25672.0,0.058184753100007335,0.18848758465011287,0.23034373233560335,0.20054054090863743,0.008393854497200074,,0.0753,0.2052
APARTMENTS_AVG,numeric,N4,9081.0,443.0,8638.0,0.04878317365928862,0.052690982535345134,0.07750800785981535,0.3859369267246402,0.009577806484173602,,0.2052,inf
APARTMENTS_AVG,numeric,MISSING,59116.0,4728.0,54388.0,0.07997834765545707,0.5617797314957823,0.4879949395709402,-0.1408048001584265,0.010389252881708475,,,
BASEMENTAREA_AVG,numeric,N0,12822.0,837.0,11985.0,0.06527842770238652,0.09950100986099561,0.10753860371636474,0.07768209397368088,0.0006243771211950649,,-inf,0.0446
BASEMENTAREA_AVG,numeric,N1,5136.0,314.0,4822.0,0.06113707165109034,0.037364856837352974,0.043269360178730044,0.14671416149882657,0.0008662742567971567,,0.0446,0.0587
BASEMENTAREA_AVG,numeric,N2,10256.0,626.0,9630.0,0.061037441497659904,0.07443269573482238,0.08640862067418553,0.14919214304759174,0.0017867139066806894,,0.0587,0.0807
BASEMENTAREA_AVG,numeric,N3,17903.0,1060.0,16843.0,0.05920795397419427,0.12599501009860994,0.15112648380931873,0.18187482353540363,0.0045707823463197956,,0.0807,0.1707
BASEMENTAREA_AVG,numeric,N4,5119.0,249.0,4870.0,0.04864231295174839,0.02964239040038018,0.04370003499232861,0.3881434578788746,0.005456382781551123,,0.1707,inf
BASEMENTAREA_AVG,numeric,MISSING,68628.0,5328.0,63300.0,0.0776359503409687,0.6330640370678389,0.5679568966290723,-0.10852605180634696,0.007065820896220684,,,
YEARS_BEGINEXPLUATATION_AVG,numeric,N0,7210.0,494.0,6716.0,0.06851595006934813,0.05874665874665875,0.060262800181241506,0.025480721937480036,3.8632378312495316e-05,,-inf,0.9727
YEARS_BEGINEXPLUATATION_AVG,numeric,N1,5406.0,366.0,5040.0,0.06770255271920089,0.043540243540243544,0.04522513873498813,0.037967449664468855,6.397117349637056e-05,,0.9727,0.9753000000000003
YEARS_BEGINEXPLUATATION_AVG,numeric,N2,15858.0,1008.0,14850.0,0.06356413166855845,0.11980991980991981,0.13324390889474086,0.10627486480060544,0.001427695373722166,,0.9753000000000003,0.9806
YEARS_BEGINEXPLUATATION_AVG,numeric,N3,10727.0,672.0,10055.0,0.06264566048289363,0.0798930798930799,0.0902214825016711,0.1215783244958423,0.0012557098838710057,,0.9806,0.9841
YEARS_BEGINEXPLUATATION_AVG,numeric,N4,17759.0,1019.0,16740.0,0.05737935694577397,0.12111672111672112,0.15020165360441798,0.21522403065833404,0.006259776401427645,,0.9841,0.9911
YEARS_BEGINEXPLUATATION_AVG,numeric,N5,6117.0,279.0,5838.0,0.045610593428151054,0.033204633204633204,0.052385075390185144,0.4559323094177947,0.008744983301313191,,0.9911,inf
YEARS_BEGINEXPLUATATION_AVG,numeric,MISSING,56787.0,4576.0,52211.0,0.08058182330462958,0.5436887436887436,0.46845994069275526,-0.14892632820743124,0.011203549405632753,,,
YEARS_BUILD_AVG,numeric,N0,6615.0,437.0,6178.0,0.06606198034769463,0.05197813947962457,0.05543592366288929,0.06440458960601356,0.00022269717126932915,,-inf,0.6532
YEARS_BUILD_AVG,numeric,N1,20602.0,1256.0,19346.0,0.06096495485875158,0.14928121658548177,0.17358438086009348,0.15083193942024858,0.003665693401588583,,0.6532,0.7959999999999999
YEARS_BUILD_AVG,numeric,N2,4514.0,262.0,4252.0,0.05804164820558263,0.031186883687774742,0.03815509676724718,0.20166173509777596,0.001405221940137429,,0.7959999999999999,0.8232
YEARS_BUILD_AVG,numeric,N3,5552.0,312.0,5240.0,0.056195965417867436,0.03712724248544612,0.047019820013817486,0.2362182162932136,0.002336807018294212,,0.8232,0.8844
YEARS_BUILD_AVG,numeric,N4,3885.0,173.0,3712.0,0.04453024453024453,0.020613045027919687,0.033310005114263415,0.4799336765834788,0.006093698735672629,,0.8844,inf
YEARS_BUILD_AVG,numeric,MISSING,78696.0,5974.0,72722.0,0.07591237165802582,0.7098134727337532,0.6524947735816892,-0.08419909173209178,0.004826182407868808,,,
COMMONAREA_AVG,numeric,N0,22228.0,1385.0,20843.0,0.06230879971207486,0.1646269011406844,0.18701772960557012,0.12752171477762883,0.002855316841133969,,-inf,0.0311
COMMONAREA_AVG,numeric,N1,11102.0,683.0,10419.0,0.06152044676634841,0.0812143536121673,0.09348867673976241,0.14074832440469484,0.0017275904134108045,,0.0311,0.107
COMMONAREA_AVG,numeric,N2,3702.0,140.0,3562.0,0.037817396002161,0.016694391634980987,0.031964433119190325,0.6495509868606604,0.009918670515471397,,0.107,inf
COMMONAREA_AVG,numeric,MISSING,82832.0,6206.0,76626.0,0.07492273517481167,0.7374643536121673,0.6875291605354772,-0.07011350899509615,0.003501131608954377,,,
ELEVATORS_AVG,numeric,N0,33963.0,2288.0,31675.0,0.0673674292612549,0.2719063743836512,0.2842062762163253,0.04424250400374472,0.0005441784560777533,,-inf,0.0
ELEVATORS_AVG,numeric,N1,6730.0,375.0,6355.0,0.05572065378900446,0.0446147448464326,0.05702429286018708,0.24541296124357018,0.0030454639257497507,,0.0,0.08
ELEVATORS_AVG,numeric,N2,8782.0,442.0,8340.0,0.05033022090639945,0.05257529852076279,0.07483457078127453,0.35303355485916177,0.007858270014706391,,0.08,0.2
ELEVATORS_AVG,numeric,N3,8160.0,365.0,7795.0,0.044730392156862746,0.043426602506980334,0.06994459523115229,0.4766312176398091,0.012639303161485677,,0.2,inf
ELEVATORS_AVG,numeric,MISSING,62229.0,4944.0,57285.0,0.07944848864677241,0.5874769797421732,0.5139902649110608,-0.133632736418992,0.009820230793323668,,,
ENTRANCES_AVG,numeric,N0,6155.0,441.0,5714.0,0.07164906580016248,0.05244713708719411,0.05127227376316687,-0.02265561607968289,2.6617252415261242e-05,,-inf,0.0345
ENTRANCES_AVG,numeric,N1,9607.0,659.0,8948.0,0.06859581555116061,0.078344024708957,0.08028872898236043,0.02451954792677287,4.768326963511542e-05,,0.0345,0.069
ENTRANCES_AVG,numeric,N2,8888.0,549.0,8339.0,0.06176867686768677,0.0652767878355904,0.07482459131121359,0.1365100883002308,0.0013033714955305717,,0.069,0.1034
ENTRANCES_AVG,numeric,N3,14816.0,851.0,13965.0,0.05743790496760259,0.10115229270610597,0.12530281551133202,0.21410610205747477,0.005170774300477099,,0.1034,0.1379
ENTRANCES_AVG,numeric,N4,12672.0,710.0,11962.0,0.05602904040404041,0.08440247089569969,0.10733127568324152,0.24032340885073367,0.005510328527415076,,0.1379,0.2069
ENTRANCES_AVG,numeric,N5,5220.0,290.0,4930.0,0.05555555555555555,0.03450938465193633,0.04423798158881691,0.24835242610709696,0.0024161206518923638,,0.2069,0.2759
ENTRANCES_AVG,numeric,N6,3823.0,208.0,3615.0,0.05440753335077164,0.024768353528153954,0.03243939203617636,0.26980671700282954,0.0020696977158518085,,0.2759,inf
ENTRANCES_AVG,numeric,MISSING,58683.0,4706.0,53977.0,0.0801935824685173,0.5590995485863626,0.48430294112369227,-0.1436169183105268,0.010742058263870861,,,
FLOORSMAX_AVG,numeric,N0,6776.0,533.0,6243.0,0.07865997638724911,0.06338362837115362,0.05601912913963734,-0.12351237632717064,0.000909606800544198,,-inf,0.0417
FLOORSMAX_AVG,numeric,N1,5769.0,411.0,5358.0,0.07124284971398856,0.048889152904835455,0.04807856226391394,-0.016719163104635244,1.3552397136657664e-05,,0.0417,0.125
FLOORSMAX_AVG,numeric,N2,24954.0,1576.0,23378.0,0.06315620742165584,0.18729951289057858,0.2097610652023723,0.11326008944272084,0.0025439974238561105,,0.125,0.1667
FLOORSMAX_AVG,numeric,N3,15637.0,820.0,14817.0,0.05243972629020912,0.09748128786978734,0.13294841771867963,0.3103007759912853,0.011005477914294955,,0.1667,0.3333
FLOORSMAX_AVG,numeric,N4,8774.0,407.0,8367.0,0.04638705265557329,0.048413924201021745,0.07507648964137349,0.4387199932640018,0.011697400530392126,,0.3333,inf
FLOORSMAX_AVG,numeric,MISSING,57954.0,4667.0,53287.0,0.08052938537460745,0.5545324937626233,0.4781163360340233,-0.14827132148297437,0.011330324689070918,,,
FLOORSMIN_AVG,numeric,N0,12908.0,845.0,12063.0,0.06546327858692284,0.10046340304182509,0.10823942145497613,0.07455212648442121,0.0005797187082824244,,-inf,0.1667
FLOORSMIN_AVG,numeric,N1,13258.0,848.0,12410.0,0.06396138180721074,0.10081986692015209,0.11135286939669095,0.09936873385894109,0.0010466511198267577,,0.1667,0.2083
FLOORSMIN_AVG,numeric,N2,13324.0,655.0,12669.0,0.04915941158811168,0.07788735741444867,0.11367673976240893,0.3780951570911565,0.013531792141047494,,0.2083,inf
FLOORSMIN_AVG,numeric,MISSING,80374.0,6066.0,74308.0,0.07547216761639336,0.7208293726235742,0.666730969385924,-0.07801583519511053,0.0042205321113071475,,,
LANDAREA_AVG,numeric,N0,22567.0,1435.0,21132.0,0.0635884255771702,0.1705780999346444,0.1896116247874636,0.10578464413453903,0.0020134546531813836,,-inf,0.0419
LANDAREA_AVG,numeric,N1,27533.0,1585.0,25948.0,0.057567282896887374,0.1884023528013784,0.23282324598592213,0.2116997143693147,0.009403890399197746,,0.0419,inf
LANDAREA_AVG,numeric,MISSING,69764.0,5394.0,64370.0,0.07731781434550772,0.6410195472639771,0.5775651292266143,-0.1042387374887262,0.006614408424296558,,,
LIVINGAPARTMENTS_AVG,numeric,N0,4075.0,304.0,3771.0,0.07460122699386502,0.036178934236321514,0.033839528050066174,-0.06684743414323027,0.0001563833009699693,,-inf,0.0202
LIVINGAPARTMENTS_AVG,numeric,N1,9724.0,629.0,9095.0,0.06468531468531469,0.07479356026852017,0.08160875709382921,0.08720478493090479,0.0005943177734128598,,0.0202,0.0588
LIVINGAPARTMENTS_AVG,numeric,N2,19269.0,1097.0,18172.0,0.05693082152680471,0.13039862175488623,0.16305152419192032,0.22347017012249992,0.007296949662597399,,0.0588,0.1759
LIVINGAPARTMENTS_AVG,numeric,N3,5835.0,297.0,5538.0,0.05089974293059126,0.035347234598704924,0.04969381575110473,0.3406603336843389,0.0048873111226059645,,0.1759,inf
LIVINGAPARTMENTS_AVG,numeric,MISSING,80961.0,6087.0,74874.0,0.07518434801941676,0.7232816491415671,0.6718063749130796,-0.07382853607868259,0.0038003441405379712,,,
LIVINGAREA_AVG,numeric,N0,9215.0,722.0,8493.0,0.07835051546391752,0.08583308583308584,0.0762066691490173,-0.11895556743004254,0.0011451158589714013,,-inf,0.0258
LIVINGAREA_AVG,numeric,N1,6128.0,413.0,5715.0,0.06739556135770235,0.04912384912384912,0.05128147613130139,0.04298495549926602,9.274550089935035e-05,,0.0258,0.0463
LIVINGAREA_AVG,numeric,N2,6127.0,389.0,5738.0,0.06348947282519994,0.046272646272646274,0.05148784022036096,0.10679467430709902,0.0005569549390945437,,0.0463,0.0576
LIVINGAREA_AVG,numeric,N3,6127.0,363.0,5764.0,0.059245960502693,0.04318384318384318,0.051721121364515246,0.18039981019661333,0.0015401233633889286,,0.0576,0.0687
LIVINGAREA_AVG,numeric,N4,24521.0,1406.0,23115.0,0.05733860772399168,0.1670923670923671,0.2074003956807099,0.216104447731204,0.0087107442572174,,0.0687,0.1925
LIVINGAREA_AVG,numeric,N5,9197.0,435.0,8762.0,0.04729803196694574,0.051737451737451735,0.07862023175584437,0.41844714354746726,0.011249022509311328,,0.1925,inf
LIVINGAREA_AVG,numeric,MISSING,58549.0,4686.0,53863.0,0.08003552579890348,0.5567567567567567,0.48328226569825083,-0.14152755814508294,0.01039866530546307,,,
NONLIVINGAPARTMENTS_AVG,numeric,N0,22616.0,1339.0,21277.0,0.05920587194906261,0.15917057809993465,0.19091263913002518,0.1818394912590276,0.0057719602292246675,,-inf,0.0019
NONLIVINGAPARTMENTS_AVG,numeric,N1,15008.0,918.0,14090.0,0.06116737739872068,0.10914384172063454,0.12642719030250826,0.14699991066089907,0.0025406506974566135,,0.0019,inf
NONLIVINGAPARTMENTS_AVG,numeric,MISSING,82240.0,6157.0,76083.0,0.07486624513618677,0.7316855801794309,0.6826601705674665,-0.06935370473490839,0.0034000937827361136,,,
NONLIVINGAREA_AVG,numeric,N0,23391.0,1490.0,21901.0,0.06369971356504639,0.1770926156953603,0.196509723873399,0.10403906720463818,0.002020137822654696,,-inf,0.0
NONLIVINGAREA_AVG,numeric,N1,20900.0,1243.0,19657.0,0.05947368421052632,0.1477454999108893,0.1763755860119782,0.17712453433524772,0.005071090668633417,,0.0,0.0405
NONLIVINGAREA_AVG,numeric,N2,5525.0,303.0,5222.0,0.054841628959276016,0.03606012000237629,0.04685852717525403,0.26194545664420366,0.0028285936979295045,,0.0405,0.0831
NONLIVINGAREA_AVG,numeric,N3,5531.0,279.0,5252.0,0.05044295787380221,0.03320857838769085,0.04712770014131581,0.3500527138370375,0.004872426344084562,,0.0831,inf
NONLIVINGAREA_AVG,numeric,MISSING,64517.0,5099.0,59418.0,0.07903343304865384,0.6058931860036832,0.5331284627980529,-0.12794129630515486,0.009309613012214127,,,
APARTMENTS_MODE,numeric,N0,9162.0,706.0,8456.0,0.07705741104562322,0.08393726981109659,0.07587503252492082,-0.1009820538510477,0.0008141412797925256,,-inf,0.0273
APARTMENTS_MODE,numeric,N1,6087.0,395.0,5692.0,0.06489239362575981,0.04698823808958061,0.051075341175203896,0.08340450358962374,0.0003408828039760298,,0.0273,0.0536
APARTMENTS_MODE,numeric,N2,9408.0,587.0,8821.0,0.0623937074829932,0.06979921587263871,0.07914995558665985,0.12572144940924404,0.0011755885498953185,,0.0536,0.0735
APARTMENTS_MODE,numeric,N3,27020.0,1544.0,25476.0,0.05714285714285714,0.1834976832600689,0.22858514351340925,0.21970671811442713,0.009906017920376084,,0.0735,0.1975
APARTMENTS_MODE,numeric,N4,9071.0,454.0,8617.0,0.05004960864292801,0.05399786147083284,0.07731958762886598,0.3590028776329245,0.008372566802100946,,0.1975,inf
APARTMENTS_MODE,numeric,MISSING,59116.0,4728.0,54388.0,0.07997834765545707,0.5617797314957823,0.4879949395709402,-0.1408048001584265,0.010389252881708475,,,
BASEMENTAREA_MODE,numeric,N0,6510.0,418.0,6092.0,0.0642089093701997,0.049723756906077346,0.054664543191045516,0.09473246928286715,0.0004680528849739584,,-inf,0.0
BASEMENTAREA_MODE,numeric,N1,8893.0,562.0,8331.0,0.06319577195547059,0.06683300659418999,0.074753818891456,0.11200323061313883,0.0008871565663740716,,0.0,0.0497
BASEMENTAREA_MODE,numeric,N2,28153.0,1706.0,26447.0,0.060597449650126096,0.20275649022752926,0.23729840066396,0.1573127202272038,0.005433881892599359,,0.0497,0.1442
BASEMENTAREA_MODE,numeric,N3,7680.0,400.0,7280.0,0.052083333333333336,0.04758510069506327,0.06532379264709182,0.31683662735558127,0.005620267331780318,,0.1442,inf
BASEMENTAREA_MODE,numeric,MISSING,68628.0,5328.0,63300.0,0.0776359503409687,0.6331016455771401,0.5679594446064467,-0.10858097095274871,0.007073203431396985,,,
YEARS_BEGINEXPLUATATION_MODE,numeric,N0,9761.0,678.0,9083.0,0.06946009630160845,0.08061066888440062,0.08150072227755198,0.01098087346331365,9.773563685788045e-06,,-inf,0.9737
YEARS_BEGINEXPLUATATION_MODE,numeric,N1,19610.0,1247.0,18363.0,0.06359000509943906,0.1482119520019009,0.16476451957327304,0.10587394304858996,0.0017524855963593905,,0.9737,0.9806
YEARS_BEGINEXPLUATATION_MODE,numeric,N2,11961.0,746.0,11215.0,0.06236936710977343,0.0886895568492337,0.10062986191488789,0.12630690498827232,0.0015081429774585703,,0.9806,0.9846
YEARS_BEGINEXPLUATATION_MODE,numeric,N3,13127.0,767.0,12360.0,0.05842919174221071,0.09118450754425567,0.11090325069760347,0.19577319666599727,0.003860401381366647,,0.9846,0.9891
YEARS_BEGINEXPLUATATION_MODE,numeric,N4,8618.0,400.0,8218.0,0.04641448131817127,0.04758227396934775,0.07373960324082797,0.43807971599760365,0.01145899537850586,,0.9891,inf
YEARS_BEGINEXPLUATATION_MODE,numeric,MISSING,56787.0,4576.0,52211.0,0.08058182330462958,0.5437210407508614,0.46846204229585564,-0.14898124384517278,0.01121217920036869,,,
YEARS_BUILD_MODE,numeric,N0,6891.0,454.0,6437.0,0.0658830358438543,0.05400106932810551,0.05776003230075593,0.06729320506749387,0.00025295266615968126,,-inf,0.6668
YEARS_BUILD_MODE,numeric,N1,26202.0,1595.0,24607.0,0.06087321578505458,0.1895681102596091,0.2207891254121711,0.15245968149810407,0.004759946026207085,,0.6668,0.8367
YEARS_BUILD_MODE,numeric,N2,4071.0,218.0,3853.0,0.053549496438221565,0.02596091011703202,0.034575267490635025,0.28654666439543897,0.0024684153713161955,,0.8367,0.8824
YEARS_BUILD_MODE,numeric,N3,4004.0,173.0,3831.0,0.04320679320679321,0.02061426958949682,0.03437787398218972,0.511429624736581,0.007039115029577689,,0.8824,inf
YEARS_BUILD_MODE,numeric,MISSING,78696.0,5974.0,72722.0,0.07591237165802582,0.7098556407057566,0.6524977008142482,-0.08425401087849362,0.004832636491587131,,,
COMMONAREA_MODE,numeric,N0,29641.0,1840.0,27801.0,0.0620761782665902,0.21869058935361216,0.24944819294404766,0.13159335329612204,0.004047496195818251,,-inf,0.0604
COMMONAREA_MODE,numeric,N1,3693.0,209.0,3484.0,0.05659355537503385,0.0248930608365019,0.03126458026773858,0.22789675257393588,0.0014520485873405705,,0.0604,0.102
COMMONAREA_MODE,numeric,N2,3698.0,159.0,3539.0,0.04299621416982152,0.018951996197718632,0.031758066252736604,0.5162374820468993,0.006610973360118675,,0.102,inf
COMMONAREA_MODE,numeric,MISSING,82832.0,6206.0,76626.0,0.07492273517481167,0.7374643536121673,0.6875291605354772,-0.07011350899509615,0.003501131608954377,,,
ELEVATORS_MODE,numeric,N0,37511.0,2485.0,35026.0,0.0662472341446509,0.29533032319391633,0.3142743064278793,0.062171722363467116,0.001177780066080121,,-inf,0.0403
ELEVATORS_MODE,numeric,N1,12611.0,645.0,11966.0,0.051145825073348666,0.07669914448669202,0.10736909162688871,0.3363817989055268,0.010316811991356778,,0.0403,0.2014
ELEVATORS_MODE,numeric,N2,7513.0,340.0,7173.0,0.04525489152136297,0.04045865019011407,0.06436403115242437,0.46427448500643237,0.011098658435159186,,0.2014,inf
ELEVATORS_MODE,numeric,MISSING,62229.0,4944.0,57285.0,0.07944848864677241,0.5875118821292775,0.5139925707928077,-0.13368765907447305,0.00982862462934002,,,
ENTRANCES_MODE,numeric,N0,7766.0,538.0,7228.0,0.06927633273242338,0.06397386397386397,0.06485664425074134,0.013704736649232836,1.2098271213741175e-05,,-inf,0.0345
ENTRANCES_MODE,numeric,N1,10738.0,706.0,10032.0,0.06574781151052338,0.08393228393228393,0.09001511841261153,0.06996730851366866,0.00042559955672266295,,0.0345,0.069
ENTRANCES_MODE,numeric,N2,8205.0,511.0,7694.0,0.06227909811090798,0.060766260766260766,0.06903776014212205,0.12761889000940438,0.0010555995690608986,,0.069,0.1034
ENTRANCES_MODE,numeric,N3,14532.0,836.0,13696.0,0.05752821359757776,0.09937629937629938,0.12288981503496973,0.21237449279480478,0.004993670961832816,,0.1034,0.1379
ENTRANCES_MODE,numeric,N4,16344.0,920.0,15424.0,0.056289769946157614,0.10935550935550936,0.13839403876953169,0.23550084116140135,0.006838598103092353,,0.1379,0.2759
ENTRANCES_MODE,numeric,N5,3596.0,197.0,3399.0,0.05478309232480534,0.023463023463023463,0.03050150959817323,0.26235046512251686,0.0018465501113149273,,0.2759,inf
ENTRANCES_MODE,numeric,MISSING,58683.0,4706.0,53977.0,0.0801935824685173,0.5591327591327592,0.48430511379185043,-0.1436718304400269,0.01075062477364551,,,
FLOORSMAX_MODE,numeric,N0,7277.0,568.0,6709.0,0.07805414319087536,0.06754187952952358,0.06020026378832333,-0.11507110879014058,0.0008448078636510625,,-inf,0.0417
FLOORSMAX_MODE,numeric,N1,5612.0,395.0,5217.0,0.0703848895224519,0.04698823808958061,0.046813454998968176,-0.003726655396915125,6.513563479203251e-07,,0.0417,0.125
FLOORSMAX_MODE,numeric,N2,26241.0,1639.0,24602.0,0.06245950992721314,0.19478436497564453,0.2207432729491355,0.1251072393478753,0.0032476473130490053,,0.125,0.1667
FLOORSMAX_MODE,numeric,N3,14906.0,795.0,14111.0,0.05333422782772038,0.09451110847095165,0.12661390900200084,0.2924249918614792,0.00938766118402275,,0.1667,0.3333
FLOORSMAX_MODE,numeric,N4,7874.0,350.0,7524.0,0.0444500889001778,0.04164191517167637,0.06751276322754883,0.48320942861156607,0.012501037706774777,,0.3333,inf
FLOORSMAX_MODE,numeric,MISSING,57954.0,4667.0,53287.0,0.08052938537460745,0.5545324937626233,0.4781163360340233,-0.14827132148297437,0.011330324689070918,,,
FLOORSMIN_MODE,numeric,N0,13168.0,863.0,12305.0,0.06553766707168894,0.10260218631178707,0.11041075978896744,0.07334834935910674,0.0005727459754004812,,-inf,0.1667
FLOORSMIN_MODE,numeric,N1,13784.0,873.0,12911.0,0.06333430063842135,0.10379039923954372,0.11584807809640024,0.10990618757548717,0.0013252135141666583,,0.1667,0.2083
FLOORSMIN_MODE,numeric,N2,12538.0,612.0,11926.0,0.048811612697399906,0.07277804182509506,0.10701019272870832,0.3855098026483204,0.01319682973907947,,0.2083,inf
FLOORSMIN_MODE,numeric,MISSING,80374.0,6066.0,74308.0,0.07547216761639336,0.7208293726235742,0.666730969385924,-0.07801583519511053,0.0042205321113071475,,,
LANDAREA_MODE,numeric,N0,22546.0,1424.0,21122.0,0.0631597622638162,0.16927098805775057,0.1895218996603904,0.11300367298161197,0.002288427392324244,,-inf,0.0394
LANDAREA_MODE,numeric,N1,27554.0,1596.0,25958.0,0.05792262466429556,0.18970946467827224,0.23291297111299533,0.20517110068451763,0.008864110968642777,,0.0394,inf
LANDAREA_MODE,numeric,MISSING,69764.0,5394.0,64370.0,0.07731781434550772,0.6410195472639771,0.5775651292266143,-0.1042387374887262,0.006614408424296558,,,
LIVINGAPARTMENTS_MODE,numeric,N0,5926.0,436.0,5490.0,0.07357408032399596,0.05186241311709143,0.04926313900540589,-0.05141819652885312,0.00013364998710700728,,-inf,0.0321
LIVINGAPARTMENTS_MODE,numeric,N1,3945.0,259.0,3686.0,0.06565272496831433,0.03083229370878631,0.033076871312891144,0.070271648536798,0.00015773016850922296,,0.0321,0.0542
LIVINGAPARTMENTS_MODE,numeric,N2,23234.0,1340.0,21894.0,0.057674098304209345,0.15927048060357632,0.19644691684798457,0.2097883587477819,0.00779918354380596,,0.0542,0.1827
LIVINGAPARTMENTS_MODE,numeric,N3,5798.0,292.0,5506.0,0.05036219385995171,0.034753163428978794,0.049406697920638835,0.3518153986461232,0.005155339078758094,,0.1827,inf
LIVINGAPARTMENTS_MODE,numeric,MISSING,80961.0,6087.0,74874.0,0.07518434801941676,0.7232816491415671,0.6718063749130796,-0.07382853607868259,0.0038003441405379712,,,
LIVINGAREA_MODE,numeric,N0,9201.0,712.0,8489.0,0.07738289316378655,0.08465011286681716,0.07617112145926982,-0.10554403452730152,0.0008949069618748687,,-inf,0.0237
LIVINGAREA_MODE,numeric,N1,6161.0,427.0,5734.0,0.06930693069306931,0.050790067720090294,0.051452181637102634,0.012952046287199856,8.575730100543031e-06,,0.0237,0.0436
LIVINGAREA_MODE,numeric,N2,27561.0,1627.0,25934.0,0.059032691121512285,0.1933586788642034,0.23269449902649547,0.18517952640972477,0.007284188548591346,,0.0436,0.1122
LIVINGAREA_MODE,numeric,N3,9196.0,510.0,8686.0,0.055458895171813835,0.060651063324224784,0.0779386826734139,0.2507852305886714,0.004335479604815571,,0.1122,0.1891
LIVINGAREA_MODE,numeric,N4,9196.0,452.0,8744.0,0.04915180513266638,0.053760247118925984,0.07845908140651216,0.37804294000870264,0.009337219928866828,,0.1891,inf
LIVINGAREA_MODE,numeric,MISSING,58549.0,4686.0,53863.0,0.08003552579890348,0.5567898301057383,0.483284433797206,-0.14158247378282432,0.010407075845748895,,,
NONLIVINGAPARTMENTS_MODE,numeric,N0,23699.0,1403.0,22296.0,0.059200810160766275,0.16677559265640782,0.2000556295787854,0.18194632354815649,0.006055180365573504,,-inf,0.0
NONLIVINGAPARTMENTS_MODE,numeric,N1,13925.0,854.0,13071.0,0.06132854578096948,0.10153882716416136,0.11728419985374804,0.1441587890111728,0.0022698338594604075,,0.0,inf
NONLIVINGAPARTMENTS_MODE,numeric,MISSING,82240.0,6157.0,76083.0,0.07486624513618677,0.7316855801794309,0.6826601705674665,-0.06935370473490839,0.0034000937827361136,,,
NONLIVINGAREA_MODE,numeric,N0,26757.0,1691.0,25066.0,0.0631984153679411,0.20098621673003803,0.224908480780964,0.11245723514833852,0.0026902316736556286,,-inf,0.0
NONLIVINGAREA_MODE,numeric,N1,20294.0,1189.0,19105.0,0.058588745442002564,0.141337927756654,0.1714235724796325,0.19298385201246618,0.005806043608918918,,0.0,0.0534
NONLIVINGAREA_MODE,numeric,N2,8296.0,435.0,7861.0,0.052434908389585345,0.05174667300380228,0.07053709220112694,0.3097785616753279,0.005820869032223705,,0.0534,inf
NONLIVINGAREA_MODE,numeric,MISSING,64517.0,5099.0,59418.0,0.07903343304865384,0.6059291825095057,0.5331308545382766,-0.12799621896063573,0.009317910726973612,,,
APARTMENTS_MEDI,numeric,N0,9136.0,715.0,8421.0,0.07826182136602451,0.08501158438780966,0.07556133778964133,-0.11784278664502904,0.0011136433936108619,,-inf,0.0302
APARTMENTS_MEDI,numeric,N1,9619.0,614.0,9005.0,0.06383199916831271,0.07301134675934177,0.08080123819564389,0.10137742548405848,0.0007897191386126227,,0.0302,0.0625
APARTMENTS_MEDI,numeric,N2,32904.0,1911.0,30993.0,0.05807804522246535,0.2271134081863007,0.278087077454521,0.20248480463911347,0.010321393463514366,,0.0625,0.2061
APARTMENTS_MEDI,numeric,N3,9089.0,446.0,8643.0,0.04907030476400044,0.05305055545654369,0.07755321773849846,0.3797190457593236,0.009304127540266837,,0.2061,inf
APARTMENTS_MEDI,numeric,MISSING,59116.0,4728.0,54388.0,0.07997834765545707,0.5618131052100042,0.4879971288216953,-0.1408597193048283,0.010397697714269016,,,
BASEMENTAREA_MEDI,numeric,N0,10292.0,667.0,9625.0,0.06480761756704237,0.07930378994891292,0.08636375871443568,0.0852822084437125,0.0006020897278674113,,-inf,0.0345
BASEMENTAREA_MEDI,numeric,N1,7646.0,474.0,7172.0,0.06199319905833115,0.05637400498990139,0.06435448126115942,0.13239842266497506,0.0010566024704298249,,0.0345,0.0583
BASEMENTAREA_MEDI,numeric,N2,10245.0,633.0,9612.0,0.06178623718887262,0.07526434596649638,0.08624711761908607,0.1362101069121432,0.0014959645009908977,,0.0583,0.0804
BASEMENTAREA_MEDI,numeric,N3,15379.0,916.0,14463.0,0.05956174003511282,0.10888677676131639,0.12977219096839027,0.1754719390300575,0.003664804128361164,,0.0804,0.1435
BASEMENTAREA_MEDI,numeric,N4,7674.0,396.0,7278.0,0.05160281469898358,0.04710704526553404,0.06530555480785623,0.3266545277892504,0.005944625541015422,,0.1435,inf
BASEMENTAREA_MEDI,numeric,MISSING,68628.0,5328.0,63300.0,0.0776359503409687,0.6330640370678389,0.5679568966290723,-0.10852605180634696,0.007065820896220684,,,
YEARS_BEGINEXPLUATATION_MEDI,numeric,N0,12657.0,867.0,11790.0,0.06849964446551315,0.10306522513959843,0.1057889872861206,0.026084382491646158,7.104765364615155e-05,,-inf,0.9752
YEARS_BEGINEXPLUATATION_MEDI,numeric,N1,15939.0,1011.0,14928.0,0.06342932429888952,0.12017345847689201,0.1339443532251263,0.10848825288288506,0.001493980311870035,,0.9752,0.9806
YEARS_BEGINEXPLUATATION_MEDI,numeric,N2,10598.0,661.0,9937.0,0.062370258539347044,0.07859094689319235,0.08916314500282631,0.1262112682670147,0.0013343305317870375,,0.9806,0.9841
YEARS_BEGINEXPLUATATION_MEDI,numeric,N3,17693.0,1016.0,16677.0,0.057423839936698126,0.12076749435665914,0.14963706674562371,0.21434564437470674,0.006188067096534854,,0.9841,0.9911
YEARS_BEGINEXPLUATATION_MEDI,numeric,N4,6190.0,283.0,5907.0,0.045718901453957995,0.03368183438279672,0.053004405444447435,0.45341637875269375,0.008761170198965261,,0.9911,inf
YEARS_BEGINEXPLUATATION_MEDI,numeric,MISSING,56787.0,4576.0,52211.0,0.08058182330462958,0.5437210407508614,0.46846204229585564,-0.14898124384517278,0.01121217920036869,,,
YEARS_BUILD_MEDI,numeric,N0,6641.0,438.0,6203.0,0.06595392260201777,0.05210004158498188,0.05566048316547408,0.06610468978372426,0.00023536188617150983,,-inf,0.6578
YEARS_BUILD_MEDI,numeric,N1,20552.0,1253.0,19299.0,0.060967302452316074,0.14893364225034159,0.17316345528364102,0.15073512393632815,0.0036522838705284498,,0.6578,0.7987
YEARS_BUILD_MEDI,numeric,N2,10055.0,576.0,9479.0,0.05728493286921929,0.06849640586942315,0.08505417105941994,0.2165070852460153,0.0035848734794741385,,0.7987,0.8859
YEARS_BUILD_MEDI,numeric,N3,3920.0,173.0,3747.0,0.04413265306122449,0.02061426958949682,0.033624189677216754,0.4892622043028749,0.006365262179922107,,0.8859,inf
YEARS_BUILD_MEDI,numeric,MISSING,78696.0,5974.0,72722.0,0.07591237165802582,0.7098556407057566,0.6524977008142482,-0.08425401087849362,0.004832636491587131,,,
COMMONAREA_MEDI,numeric,N0,22222.0,1388.0,20834.0,0.06246062460624606,0.1649833650190114,0.18693697735347953,0.12492688979914232,0.0027425965088011916,,-inf,0.031
COMMONAREA_MEDI,numeric,N1,11111.0,678.0,10433.0,0.06102061020610206,0.08062024714828897,0.09361429135412554,0.1494332339560704,0.0019417420478462964,,0.031,0.1073
COMMONAREA_MEDI,numeric,N2,3699.0,142.0,3557.0,0.03838875371722087,0.01693203422053232,0.03191957075691778,0.634011981312857,0.009502277734432579,,0.1073,inf
COMMONAREA_MEDI,numeric,MISSING,82832.0,6206.0,76626.0,0.07492273517481167,0.7374643536121673,0.6875291605354772,-0.07011350899509615,0.003501131608954377,,,
ELEVATORS_MEDI,numeric,N0,34535.0,2320.0,32215.0,0.06717822498914144,0.2757084298698984,0.2890513896054373,0.04726059720426444,0.0006305962455740225,,-inf,0.0
ELEVATORS_MEDI,numeric,N1,6594.0,356.0,6238.0,0.05398847437063998,0.0423572744014733,0.055974518292546155,0.2787563817097613,0.0037958936359348203,,0.0,0.08
ELEVATORS_MEDI,numeric,N2,8439.0,431.0,8008.0,0.051072401943358214,0.05126834194736529,0.07185572329019088,0.3375868197979037,0.006950028595491187,,0.08,0.2
ELEVATORS_MEDI,numeric,N3,8067.0,363.0,7704.0,0.044998140572703606,0.04318897403908988,0.0691281039007649,0.47037612946137,0.012201147505930538,,0.2,inf
ELEVATORS_MEDI,numeric,MISSING,62229.0,4944.0,57285.0,0.07944848864677241,0.5874769797421732,0.5139902649110608,-0.133632736418992,0.009820230793323668,,,
ENTRANCES_MEDI,numeric,N0,6450.0,461.0,5989.0,0.07147286821705426,0.054826254826254826,0.05373990049661967,-0.020013430274342055,2.1741676629382824e-05,,-inf,0.0345
ENTRANCES_MEDI,numeric,N1,9890.0,677.0,9213.0,0.06845298281092012,0.08048708048708049,0.08266676237175145,0.026720934518238742,5.824313691088404e-05,,0.0345,0.069
ENTRANCES_MEDI,numeric,N2,8759.0,530.0,8229.0,0.06050919054686608,0.06302346302346302,0.07383796830068146,0.1583659889272639,0.001712649822985811,,0.069,0.1034
ENTRANCES_MEDI,numeric,N3,14834.0,856.0,13978.0,0.05770527167318323,0.10175230175230175,0.12542001821387394,0.2091268046268243,0.00494955391642228,,0.1034,0.1379
ENTRANCES_MEDI,numeric,N4,12311.0,691.0,11620.0,0.05612866542116806,0.08215028215028215,0.10426321290941962,0.2383683161324329,0.005271022069808678,,0.1379,0.2069
ENTRANCES_MEDI,numeric,N5,8937.0,493.0,8444.0,0.055163925254559695,0.05862785862785863,0.07576702391580345,0.25645317048161864,0.004395393277501953,,0.2069,inf
ENTRANCES_MEDI,numeric,MISSING,58683.0,4706.0,53977.0,0.0801935824685173,0.5591327591327592,0.48430511379185043,-0.1436718304400269,0.01075062477364551,,,
FLOORSMAX_MEDI,numeric,N0,6852.0,538.0,6314.0,0.07851722124927028,0.06397766425092076,0.0566561689680852,-0.121533148650781,0.0008898043745548458,,-inf,0.0417
FLOORSMAX_MEDI,numeric,N1,5722.0,404.0,5318.0,0.070604683677036,0.04805750267316146,0.04771966658591514,-0.007054655947389293,2.383317362134996e-06,,0.0417,0.125
FLOORSMAX_MEDI,numeric,N2,25556.0,1614.0,23942.0,0.06315542338394114,0.19181418557680885,0.21482149426215535,0.1132803040568821,0.0026062749234065964,,0.125,0.1667
FLOORSMAX_MEDI,numeric,N3,15294.0,810.0,14484.0,0.05296194586112201,0.09629321611025306,0.12996061119933963,0.29983354282400154,0.01009461434721622,,0.1667,0.3333
FLOORSMAX_MEDI,numeric,N4,8486.0,381.0,8105.0,0.04489747819938723,0.045324937626232624,0.07272572295048137,0.4728377647165537,0.012956126084195925,,0.3333,inf
FLOORSMAX_MEDI,numeric,MISSING,57954.0,4667.0,53287.0,0.08052938537460745,0.5545324937626233,0.4781163360340233,-0.14827132148297437,0.011330324689070918,,,
FLOORSMIN_MEDI,numeric,N0,12906.0,847.0,12059.0,0.06562838989617233,0.10070104562737643,0.10820353156515809,0.07185782185484466,0.0005391122979855917,,-inf,0.1667
FLOORSMIN_MEDI,numeric,N1,13570.0,866.0,12704.0,0.06381724392041267,0.10295865019011406,0.11399077629831676,0.10179008229693742,0.0011229610244641447,,0.1667,0.2083
FLOORSMIN_MEDI,numeric,N2,13014.0,635.0,12379.0,0.04879360688489319,0.07551093155893536,0.11107472275060115,0.3859257181288946,0.013724981655029677,,0.2083,inf
FLOORSMIN_MEDI,numeric,MISSING,80374.0,6066.0,74308.0,0.07547216761639336,0.7208293726235742,0.666730969385924,-0.07801583519511053,0.0042205321113071475,,,
LANDAREA_MEDI,numeric,N0,25051.0,1580.0,23471.0,0.06307133447766557,0.18779705323193915,0.21059738721602125,0.11458631758093162,0.0026126063108513394,,-inf,0.0488
LANDAREA_MEDI,numeric,N1,10051.0,597.0,9454.0,0.05939707491791862,0.07099572243346007,0.08483024082116068,0.17803246487316365,0.002462993408895446,,0.0488,0.0773
LANDAREA_MEDI,numeric,N2,14998.0,843.0,14155.0,0.05620749433257768,0.10022576045627377,0.12700983382981015,0.23683926920102916,0.006343520364015102,,0.0773,inf
LANDAREA_MEDI,numeric,MISSING,69764.0,5394.0,64370.0,0.07731781434550772,0.640981463878327,0.577562538133008,-0.10418381132374656,0.006607225394205012,,,
LIVINGAPARTMENTS_MEDI,numeric,N0,4112.0,309.0,3803.0,0.07514591439688716,0.036773005406047644,0.03412664588053207,-0.07468554397425896,0.00019764480071459266,,-inf,0.0205
LIVINGAPARTMENTS_MEDI,numeric,N1,9787.0,629.0,9158.0,0.06426892817002146,0.07479356026852017,0.08217402032255894,0.09410740902890549,0.000694555973126924,,0.0205,0.0599
LIVINGAPARTMENTS_MEDI,numeric,N2,19194.0,1096.0,18098.0,0.05710117745128686,0.130279807520941,0.16238756420896794,0.22030134674668236,0.00707338203938713,,0.0599,0.1779
LIVINGAPARTMENTS_MEDI,numeric,N3,5810.0,293.0,5517.0,0.0504302925989673,0.03487197766292402,0.04950539467486149,0.3503980725757761,0.005127521116180461,,0.1779,inf
LIVINGAPARTMENTS_MEDI,numeric,MISSING,80961.0,6087.0,74874.0,0.07518434801941676,0.7232816491415671,0.6718063749130796,-0.07382853607868259,0.0038003441405379712,,,
LIVINGAREA_MEDI,numeric,N0,9209.0,721.0,8488.0,0.07829297426430666,0.08571428571428572,0.0761618073905261,-0.11815938446605831,0.0011287149588608012,,-inf,0.026
LIVINGAREA_MEDI,numeric,N1,6135.0,414.0,5721.0,0.06748166259168704,0.04924264924264924,0.05133531024149084,0.0416187216795988,8.70938756805399e-05,,0.026,0.0467
LIVINGAREA_MEDI,numeric,N2,6135.0,392.0,5743.0,0.06389568052159739,0.04662904662904663,0.051532701978852166,0.09999293086017477,0.0004903308703552313,,0.0467,0.0582
LIVINGAREA_MEDI,numeric,N3,12265.0,712.0,11553.0,0.05805136567468406,0.08464508464508465,0.10366206534563742,0.20266919670293443,0.0038541562022962376,,0.0582,0.0835
LIVINGAREA_MEDI,numeric,N4,18383.0,1051.0,17332.0,0.05717238753195888,0.12491832491832491,0.15551328580977716,0.21907104417106996,0.0067024700288634935,,0.0835,0.1953
LIVINGAREA_MEDI,numeric,N5,9188.0,438.0,8750.0,0.047670875054418804,0.052093852093852096,0.07851256353546546,0.41021171726115324,0.010837264988291094,,0.1953,inf
LIVINGAREA_MEDI,numeric,MISSING,58549.0,4686.0,53863.0,0.08003552579890348,0.5567567567567567,0.48328226569825083,-0.14152755814508294,0.01039866530546307,,,
NONLIVINGAPARTMENTS_MEDI,numeric,N0,22959.0,1359.0,21600.0,0.05919247353978832,0.1615471451488325,0.19381076073448988,0.18208520237253978,0.005874726973184252,,-inf,0.0019
NONLIVINGAPARTMENTS_MEDI,numeric,N1,14665.0,898.0,13767.0,0.061234231162632116,0.10676727467173668,0.12352906869804355,0.14582503980559786,0.0024442892810994316,,0.0019,inf
NONLIVINGAPARTMENTS_MEDI,numeric,MISSING,82240.0,6157.0,76083.0,0.07486624513618677,0.7316855801794309,0.6826601705674665,-0.06935370473490839,0.0034000937827361136,,,
NONLIVINGAREA_MEDI,numeric,N0,24270.0,1535.0,22735.0,0.06324680675731356,0.18245009505703422,0.20399364748950222,0.11161216971649911,0.0024045226303889156,,-inf,0.0
NONLIVINGAREA_MEDI,numeric,N1,25549.0,1501.0,24048.0,0.05874985322321813,0.1784101711026616,0.21577450382227326,0.19014866716061352,0.007104778065979856,,0.0,0.0836
NONLIVINGAREA_MEDI,numeric,N2,5528.0,279.0,5249.0,0.050470332850940665,0.03321055133079848,0.04710099414994796,0.34942647141739686,0.004853688420720521,,0.0836,inf
NONLIVINGAREA_MEDI,numeric,MISSING,64517.0,5099.0,59418.0,0.07903343304865384,0.6059291825095057,0.5331308545382766,-0.12799621896063573,0.009317910726973612,,,
FONDKAPREMONT_MODE,categorical,C0,9342.0,525.0,8817.0,0.05619781631342325,0.06244429920979146,0.07911513079680399,0.23662919668577614,0.003944805486518638,reg oper spec account|__RARE__|org spec account|not specified,,
FONDKAPREMONT_MODE,categorical,C1,29527.0,1793.0,27734.0,0.06072408304263894,0.21311865010991624,0.24884815368119764,0.15499383248431575,0.005537852691274952,reg oper account,,
FONDKAPREMONT_MODE,categorical,MISSING,80995.0,6096.0,74899.0,0.07526390517933206,0.7244370506802923,0.6720367155219984,-0.07508189619213852,0.0039343165247882885,__MISSING__,,
FONDKAPREMONT_MODE,categorical,OTHER,0.0,0.0,0.0,,0.0,0.0,0.0,0.0,,,
HOUSETYPE_MODE,categorical,C0,60361.0,3654.0,56707.0,0.06053577641192161,0.43425821400986275,0.5088087643504126,0.15843291707266322,0.01181126115982573,block of flats,,
HOUSETYPE_MODE,categorical,C1,1069.0,86.0,983.0,0.08044901777362021,0.010278652486483275,0.008824466247650323,-0.15254105121614486,0.0002218230975356303,__RARE__|specific housing|terraced house,,
HOUSETYPE_MODE,categorical,MISSING,58434.0,4674.0,53760.0,0.07998767840640723,0.555463133503654,0.4823667694019372,-0.14109748348977638,0.010313713027004665,__MISSING__,,
HOUSETYPE_MODE,categorical,OTHER,0.0,0.0,0.0,,0.0,0.0,0.0,0.0,,,
TOTALAREA_MODE,numeric,N0,12763.0,971.0,11792.0,0.07607929170257777,0.1154211714387549,0.10580693207002055,-0.08697176079964042,0.0008361673266480494,,-inf,0.0333
TOTALAREA_MODE,numeric,N1,9547.0,590.0,8957.0,0.06179951817324814,0.07015563740049899,0.08037020089185576,0.13592730640112943,0.0013884381014434423,,0.0333,0.0534
TOTALAREA_MODE,numeric,N2,15909.0,944.0,14965.0,0.05933748192846816,0.11221337768801236,0.13427633172727518,0.17949763693954499,0.003960248113953466,,0.0534,0.0845
TOTALAREA_MODE,numeric,N3,15914.0,917.0,14997.0,0.05762221942943321,0.1090055839372698,0.1345634482696742,0.21063671245796037,0.005383424520424226,,0.0845,0.1885
TOTALAREA_MODE,numeric,N4,9546.0,445.0,9101.0,0.04661638382568615,0.05292859688725199,0.08166222533265143,0.43364776003452704,0.012460273613011835,,0.1885,inf
TOTALAREA_MODE,numeric,MISSING,56185.0,4547.0,51638.0,0.08092907359615556,0.540275632648212,0.4633208617085229,-0.15365962024433422,0.011824840878582356,,,
WALLSMATERIAL_MODE,categorical,C0,26601.0,1474.0,25127.0,0.055411450697342206,0.17520199619771862,0.2254558016006891,0.25218456570111875,0.012673234090376644,Panel,,
WALLSMATERIAL_MODE,categorical,C1,29689.0,1911.0,27778.0,0.06436727407457307,0.2271269011406844,0.24924182607759393,0.09291471709125722,0.0020548019940073384,"Block|Stone, brick",,
WALLSMATERIAL_MODE,categorical,C2,4284.0,295.0,3989.0,0.0688608776844071,0.035111692015209126,0.03579567885726591,0.019293002959737533,1.3196160168223042e-05,__RARE__|Others|Monolithic|Wooden|Mixed,,
WALLSMATERIAL_MODE,categorical,MISSING,59290.0,4734.0,54556.0,0.07984483049418115,0.5625594106463878,0.4895066934644511,-0.1390986114664446,0.010161531523858278,__MISSING__,,
WALLSMATERIAL_MODE,categorical,OTHER,0.0,0.0,0.0,,0.0,0.0,0.0,0.0,,,
EMERGENCYSTATE_MODE,categorical,C0,63913.0,3871.0,60042.0,0.060566707868508755,0.46004396649040463,0.5387320942293284,0.15789634085371476,0.01242456743860576,No,,
EMERGENCYSTATE_MODE,categorical,C1,861.0,67.0,794.0,0.07781649245063879,0.008020913790030301,0.007128661345966631,-0.11792888700913846,0.00010522233765961217,__RARE__|Yes,,
EMERGENCYSTATE_MODE,categorical,MISSING,55090.0,4476.0,50614.0,0.08124886549282992,0.5319351197195651,0.45413924442470494,-0.15811766969209365,0.012300902513280006,__MISSING__,,
EMERGENCYSTATE_MODE,categorical,OTHER,0.0,0.0,0.0,,0.0,0.0,0.0,0.0,,,
OBS_30_CNT_SOCIAL_CIRCLE,numeric,N0,83371.0,5721.0,77650.0,0.06862098331554138,0.6797956395176142,0.6967138467059958,0.024582553661400327,0.0004158927360630782,,-inf,1.0
OBS_30_CNT_SOCIAL_CIRCLE,numeric,N1,19315.0,1386.0,17929.0,0.07175770126844422,0.16473593536505673,0.16087122316681995,-0.023739611356651463,9.174676559145132e-05,,1.0,3.0
OBS_30_CNT_SOCIAL_CIRCLE,numeric,N2,11589.0,881.0,10708.0,0.07602036413840711,0.10473474722271728,0.09608129023575065,-0.08623633051426416,0.0007462423768190222,,3.0,6.0
OBS_30_CNT_SOCIAL_CIRCLE,numeric,N3,5091.0,405.0,4686.0,0.07955215085444903,0.0481791718647894,0.042049303514950315,-0.13608398565589125,0.0008341769165920037,,6.0,inf
OBS_30_CNT_SOCIAL_CIRCLE,numeric,MISSING,498.0,21.0,477.0,0.04216867469879518,0.0025545060298223727,0.004284336376483255,0.5171067985002037,0.0008945070325103063,,,
DEF_30_CNT_SOCIAL_CIRCLE,numeric,N0,106243.0,7178.0,99065.0,0.06756209820882317,0.8530093280256669,0.8888664576071206,0.041176524831686705,0.0014764719866037365,,-inf,0.0
DEF_30_CNT_SOCIAL_CIRCLE,numeric,N1,13123.0,1215.0,11908.0,0.09258553684370951,0.14443586239676787,0.10684916757513357,-0.3014173590303253,0.011329282287815812,,0.0,inf
DEF_30_CNT_SOCIAL_CIRCLE,numeric,MISSING,498.0,21.0,477.0,0.04216867469879518,0.002554809577565207,0.004284374817745836,0.516996949679743,0.0008941799534454972,,,
OBS_60_CNT_SOCIAL_CIRCLE,numeric,N0,83723.0,5753.0,77970.0,0.06871469010905008,0.6835570868480456,0.6995818865351314,0.02317267760185072,0.0003713375167830778,,-inf,1.0
OBS_60_CNT_SOCIAL_CIRCLE,numeric,N1,11470.0,818.0,10652.0,0.07131647776809068,0.09724367351788048,0.09557840524705481,-0.01727301857768484,2.8764209778800817e-05,,1.0,2.0
OBS_60_CNT_SOCIAL_CIRCLE,numeric,N2,7755.0,561.0,7194.0,0.07234042553191489,0.06671022929784959,0.06455187388405875,-0.03288915711558797,7.098649031544668e-05,,2.0,3.0
OBS_60_CNT_SOCIAL_CIRCLE,numeric,N3,11433.0,864.0,10569.0,0.07557071634741537,0.10270880361173815,0.0948336967152073,-0.07977303820816692,0.0006282212033503537,,3.0,6.0
OBS_60_CNT_SOCIAL_CIRCLE,numeric,N4,4985.0,397.0,4588.0,0.07963891675025075,0.04722585244148746,0.041169820462437084,-0.13723598897588107,0.000831105537914541,,6.0,inf
OBS_60_CNT_SOCIAL_CIRCLE,numeric,MISSING,498.0,21.0,477.0,0.04216867469879518,0.002554354282998693,0.004284317156110647,0.5171617176466053,0.0008946705709234346,,,
DEF_60_CNT_SOCIAL_CIRCLE,numeric,N0,109810.0,7462.0,102348.0,0.06795373827520262,0.8867565801200167,0.9183232168252559,0.03497890258020719,0.0011041663100973538,,-inf,0.0
DEF_60_CNT_SOCIAL_CIRCLE,numeric,N1,9556.0,931.0,8625.0,0.09742570113018,0.11068861030241815,0.07739240835699833,-0.35783225391526924,0.011914454988947549,,0.0,inf
DEF_60_CNT_SOCIAL_CIRCLE,numeric,MISSING,498.0,21.0,477.0,0.04216867469879518,0.002554809577565207,0.004284374817745836,0.516996949679743,0.0008941799534454972,,,
DAYS_LAST_PHONE_CHANGE,numeric,N0,5999.0,280.0,5719.0,0.046674445740956826,0.033311561071195296,0.05131598426291872,0.43209777166819835,0.007779671141314922,,-inf,-2547.0
DAYS_LAST_PHONE_CHANGE,numeric,N1,5998.0,293.0,5705.0,0.048849616538846286,0.03485541238643786,0.05119037472018231,0.38434309027180424,0.006278229902824865,,-2547.0,-2186.0
DAYS_LAST_PHONE_CHANGE,numeric,N2,11990.0,651.0,11339.0,0.0542952460383653,0.07737070245234844,0.10173924356138941,0.27380491669923784,0.006672226368442918,,-2186.0,-1731.0
DAYS_LAST_PHONE_CHANGE,numeric,N3,5998.0,334.0,5664.0,0.05568522840946982,0.03972448191912594,0.05082251820216856,0.2463718574104812,0.002734243812662122,,-1731.0,-1581.0
DAYS_LAST_PHONE_CHANGE,numeric,N4,5979.0,340.0,5639.0,0.05686569660478341,0.04043702868000713,0.05059821544728212,0.2241703911556256,0.0022778372122254026,,-1581.0,-1446.0
DAYS_LAST_PHONE_CHANGE,numeric,N5,6000.0,352.0,5648.0,0.058666666666666666,0.04186212220176949,0.05067896443904124,0.19112950857988134,0.001685158724036091,,-1446.0,-1253.0
DAYS_LAST_PHONE_CHANGE,numeric,N6,6026.0,379.0,5647.0,0.0628941254563558,0.045068582625734814,0.05066999232884578,0.11714848017169473,0.0006561966335384336,,-1253.0,-1077.0
DAYS_LAST_PHONE_CHANGE,numeric,N7,11986.0,841.0,11145.0,0.07016519272484566,0.0999346832135859,0.09999865418347068,0.0006399230153474052,4.093649594336655e-08,,-1077.0,-769.0
DAYS_LAST_PHONE_CHANGE,numeric,N8,5988.0,462.0,5526.0,0.07715430861723446,0.05492547948459118,0.04958436699519544,-0.10230174553624859,0.0005464051307706424,,-769.0,-658.0
DAYS_LAST_PHONE_CHANGE,numeric,N9,5971.0,471.0,5500.0,0.07888125942053258,0.05599429962591295,0.049351092130113544,-0.12628999722880058,0.0008389706562348543,,-658.0,-556.0
DAYS_LAST_PHONE_CHANGE,numeric,N10,18011.0,1496.0,16515.0,0.08306035200710676,0.17772103794311503,0.14817888593307704,-0.18179488575382163,0.0053706121495868875,,-556.0,-281.0
DAYS_LAST_PHONE_CHANGE,numeric,N11,29917.0,2515.0,27402.0,0.08406591570010362,0.29873522949943593,0.24585824963102196,-0.19480251217627378,0.010300568514661296,,-281.0,inf
DAYS_LAST_PHONE_CHANGE,numeric,MISSING,1.0,0.0,1.0,0.0,5.937889674009857e-05,1.3458165293186132e-05,-1.4843528826666692,6.816257009738644e-05,,,
FLAG_DOCUMENT_2,numeric,N0,119861.0,8414.0,111447.0,0.07019797932605268,0.9999405822935235,0.9999685960646383,2.8015043302733807e-05,7.848070108548935e-10,,-inf,0.0
FLAG_DOCUMENT_2,numeric,N1,3.0,0.0,3.0,0.0,5.9417706476530004e-05,3.140393536172847e-05,-0.6376590557270094,1.786323483641692e-05,,0.0,inf
FLAG_DOCUMENT_2,numeric,MISSING,0.0,0.0,0.0,,0.0,0.0,0.0,0.0,,,
FLAG_DOCUMENT_3,numeric,N0,36969.0,1980.0,34989.0,0.05355838675647164,0.23535353535353534,0.31394514181119954,0.28812947361825475,0.022644558199459815,,-inf,0.0
FLAG_DOCUMENT_3,numeric,N1,82895.0,6434.0,76461.0,0.07761626153567766,0.7646464646464647,0.6860548581888004,-0.1084559965571031,0.008523730999389639,,0.0,inf
FLAG_DOCUMENT_3,numeric,MISSING,0.0,0.0,0.0,,0.0,0.0,0.0,0.0,,,
FLAG_DOCUMENT_4,numeric,N0,119853.0,8414.0,111439.0,0.0702026649312074,0.9999405822935235,0.9998968156409543,-4.37702111395066e-05,1.9156756238193953e-09,,-inf,0.0
FLAG_DOCUMENT_4,numeric,N1,11.0,0.0,11.0,0.0,5.9417706476530004e-05,0.00010318435904567926,0.551925011146827,2.415591020708701e-05,,0.0,inf
FLAG_DOCUMENT_4,numeric,MISSING,0.0,0.0,0.0,,0.0,0.0,0.0,0.0,,,
FLAG_DOCUMENT_5,numeric,N0,118056.0,8294.0,109762.0,0.07025479433489192,0.9856803327391562,0.9848498443262061,-0.0008429086464013842,7.000258640117867e-07,,-inf,0.0
FLAG_DOCUMENT_5,numeric,N1,1808.0,120.0,1688.0,0.06637168141592921,0.014319667260843731,0.015150155673793865,0.05637688211259016,4.6820347352761756e-05,,0.0,inf
FLAG_DOCUMENT_5,numeric,MISSING,0.0,0.0,0.0,,0.0,0.0,0.0,0.0,,,
FLAG_DOCUMENT_6,numeric,N0,109200.0,7916.0,101284.0,0.07249084249084249,0.9407605466428995,0.9087805403271393,-0.03458500505322753,0.0011060286800328167,,-inf,0.0
FLAG_DOCUMENT_6,numeric,N1,10664.0,498.0,10166.0,0.04669917479369842,0.059239453357100416,0.09121945967286071,0.43168048616618065,0.013805144673984934,,0.0,inf
FLAG_DOCUMENT_6,numeric,MISSING,0.0,0.0,0.0,,0.0,0.0,0.0,0.0,,,
FLAG_DOCUMENT_7,numeric,N0,119840.0,8413.0,111427.0,0.07020193591455273,0.9998217468805705,0.9997891450054284,-3.260821920628031e-05,1.063089091169081e-09,,-inf,0.0
FLAG_DOCUMENT_7,numeric,N1,24.0,1.0,23.0,0.041666666666666664,0.00017825311942959,0.00021085499457160545,0.16796610825962616,5.476010089570579e-06,,0.0,inf
FLAG_DOCUMENT_7,numeric,MISSING,0.0,0.0,0.0,,0.0,0.0,0.0,0.0,,,
FLAG_DOCUMENT_8,numeric,N0,109857.0,7788.0,102069.0,0.07089215980775007,0.9255496137849079,0.9158239944011269,-0.010563537762437967,0.00010273694762366835,,-inf,0.0
FLAG_DOCUMENT_8,numeric,N1,10007.0,626.0,9381.0,0.06255621065254321,0.0744503862150921,0.08417600559887305,0.1227769648089835,0.0011940820288280404,,0.0,inf
FLAG_DOCUMENT_8,numeric,MISSING,0.0,0.0,0.0,,0.0,0.0,0.0,0.0,,,
FLAG_DOCUMENT_9,numeric,N0,119388.0,8390.0,110998.0,0.07027506952122492,0.99708853238265,0.9959399197853765,-0.0011526305338897737,1.323925951227876e-06,,-inf,0.0
FLAG_DOCUMENT_9,numeric,N1,476.0,24.0,452.0,0.05042016806722689,0.0029114676173499702,0.004060080214623467,0.33254544080697707,0.00038196588247676186,,0.0,inf
FLAG_DOCUMENT_9,numeric,MISSING,0.0,0.0,0.0,,0.0,0.0,0.0,0.0,,,
FLAG_DOCUMENT_10,numeric,N0,119862.0,8414.0,111448.0,0.07019739366938646,0.9999405822935235,0.9999775686175988,3.69878377900183e-05,1.3680441553476782e-09,,-inf,0.0
FLAG_DOCUMENT_10,numeric,N1,2.0,0.0,2.0,0.0,5.9417706476530004e-05,2.2431382401234622e-05,-0.9741312923482223,3.602953567067766e-05,,0.0,inf
FLAG_DOCUMENT_10,numeric,MISSING,0.0,0.0,0.0,,0.0,0.0,0.0,0.0,,,
FLAG_DOCUMENT_11,numeric,N0,119400.0,8390.0,111010.0,0.0702680067001675,0.99708853238265,0.9960475904209024,-0.0010445268082599011,1.087291784888066e-06,,-inf,0.0
FLAG_DOCUMENT_11,numeric,N1,464.0,24.0,440.0,0.05172413793103448,0.0029114676173499702,0.00395240957909754,0.3056681230432302,0.0003181827756443177,,0.0,inf
FLAG_DOCUMENT_11,numeric,MISSING,0.0,0.0,0.0,,0.0,0.0,0.0,0.0,,,
FLAG_DOCUMENT_12,numeric,N0,119863.0,8414.0,111449.0,0.07019680802249234,0.9999405822935235,0.9999865411705593,4.596055176676225e-05,2.1122953471482357e-09,,-inf,0.0
FLAG_DOCUMENT_12,numeric,N1,1.0,0.0,1.0,0.0,5.9417706476530004e-05,1.3458829440740773e-05,-1.4849569161142129,6.824695231113789e-05,,0.0,inf
FLAG_DOCUMENT_12,numeric,MISSING,0.0,0.0,0.0,,0.0,0.0,0.0,0.0,,,
FLAG_DOCUMENT_13,numeric,N0,119413.0,8403.0,111010.0,0.0703692227814392,0.9986333927510398,0.9960475904209024,-0.002592699083664606,6.7042073318850085e-06,,-inf,0.0
FLAG_DOCUMENT_13,numeric,N1,451.0,11.0,440.0,0.024390243902439025,0.00136660724896019,0.00395240957909754,1.0619942052247073,0.0027461070904624117,,0.0,inf
FLAG_DOCUMENT_13,numeric,MISSING,0.0,0.0,0.0,,0.0,0.0,0.0,0.0,,,
FLAG_DOCUMENT_14,numeric,N0,119482.0,8405.0,111077.0,0.070345323981855,0.9988710635769459,0.9966487514692556,-0.0022273023897350923,4.949761068195846e-06,,-inf,0.0
FLAG_DOCUMENT_14,numeric,N1,382.0,9.0,373.0,0.02356020942408377,0.0011289364230540702,0.0033512485307444525,1.0880570011840542,0.0024180022475886126,,0.0,inf
FLAG_DOCUMENT_14,numeric,MISSING,0.0,0.0,0.0,,0.0,0.0,0.0,0.0,,,
FLAG_DOCUMENT_15,numeric,N0,119724.0,8412.0,111312.0,0.07026160168387291,0.9997029114676174,0.9987573014149717,-0.0009463387032883152,8.948673910371336e-07,,-inf,0.0
FLAG_DOCUMENT_15,numeric,N1,140.0,2.0,138.0,0.014285714285714285,0.00029708853238265005,0.001242698585028398,1.4310103889709154,0.0013531778092513997,,0.0,inf
FLAG_DOCUMENT_15,numeric,MISSING,0.0,0.0,0.0,,0.0,0.0,0.0,0.0,,,
FLAG_DOCUMENT_16,numeric,N0,118652.0,8360.0,110292.0,0.07045814651249031,0.9935234699940583,0.9896052973952679,-0.003951511128837488,1.5482702628826163e-05,,-inf,0.0
FLAG_DOCUMENT_16,numeric,N1,1212.0,54.0,1158.0,0.04455445544554455,0.006476530005941771,0.010394702604732124,0.4731114374209098,0.0018537322702769257,,0.0,inf
FLAG_DOCUMENT_16,numeric,MISSING,0.0,0.0,0.0,,0.0,0.0,0.0,0.0,,,
FLAG_DOCUMENT_17,numeric,N0,119832.0,8414.0,111418.0,0.07021496762133654,0.9999405822935235,0.9997083920287839,-0.00023223102530952873,5.392178324735176e-08,,-inf,0.0
FLAG_DOCUMENT_17,numeric,N1,32.0,0.0,32.0,0.0,5.9417706476530004e-05,0.0002916079712160501,1.5908180651133146,0.00036937246769107166,,0.0,inf
FLAG_DOCUMENT_17,numeric,MISSING,0.0,0.0,0.0,,0.0,0.0,0.0,0.0,,,
FLAG_DOCUMENT_18,numeric,N0,118884.0,8363.0,110521.0,0.07034588338212039,0.9938799762329175,0.991660012023221,-0.002236132385008821,4.964133862862859e-06,,-inf,0.0
FLAG_DOCUMENT_18,numeric,N1,980.0,51.0,929.0,0.05204081632653061,0.006120023767082591,0.008339987976779033,0.3094957947094856,0.0006870695873066156,,0.0,inf
FLAG_DOCUMENT_18,numeric,MISSING,0.0,0.0,0.0,,0.0,0.0,0.0,0.0,,,
FLAG_DOCUMENT_19,numeric,N0,119786.0,8411.0,111375.0,0.07021688678142687,0.9995840760546643,0.9993225722514827,-0.0002616468406816209,6.842164392868701e-08,,-inf,0.0
FLAG_DOCUMENT_19,numeric,N1,78.0,3.0,75.0,0.038461538461538464,0.00041592394533571006,0.0006774277485172857,0.48780048297728845,0.00012756168149237037,,0.0,inf
FLAG_DOCUMENT_19,numeric,MISSING,0.0,0.0,0.0,,0.0,0.0,0.0,0.0,,,
FLAG_DOCUMENT_20,numeric,N0,119815.0,8411.0,111404.0,0.0701998914993949,0.9995840760546643,0.999582776287337,-1.300309001883572e-06,1.6900991559278248e-12,,-inf,0.0
FLAG_DOCUMENT_20,numeric,N1,49.0,3.0,46.0,0.061224489795918366,0.00041592394533571006,0.000417223712662964,0.0031201393156200445,4.055455138923416e-09,,0.0,inf
FLAG_DOCUMENT_20,numeric,MISSING,0.0,0.0,0.0,,0.0,0.0,0.0,0.0,,,
FLAG_DOCUMENT_21,numeric,N0,119816.0,8406.0,111410.0,0.07015757494825399,0.998989898989899,0.9996366116051,0.0006471570694610969,4.1852464083699795e-07,,-inf,0.0
FLAG_DOCUMENT_21,numeric,N1,48.0,8.0,40.0,0.16666666666666666,0.00101010101010101,0.0003633883949000009,-1.0223333941661,0.0006611559029484827,,0.0,inf
FLAG_DOCUMENT_21,numeric,MISSING,0.0,0.0,0.0,,0.0,0.0,0.0,0.0,,,
AMT_REQ_CREDIT_BUREAU_HOUR,numeric,N0,101206.0,6611.0,94595.0,0.06532221409797838,0.7856336521894124,0.8487593258053951,0.07728507409388076,0.004878672362637361,,-inf,0.0
AMT_REQ_CREDIT_BUREAU_HOUR,numeric,N1,622.0,43.0,579.0,0.06913183279742766,0.005169033331352861,0.00519957111389259,0.005890449577742791,1.7988126826634757e-07,,0.0,inf
AMT_REQ_CREDIT_BUREAU_HOUR,numeric,MISSING,18036.0,1760.0,16276.0,0.09758261255267243,0.20919731447923476,0.14604110308071225,-0.35938978497416024,0.022697697234297612,,,
AMT_REQ_CREDIT_BUREAU_DAY,numeric,N0,101262.0,6605.0,94657.0,0.06522683731310858,0.7849206820747431,0.849315621593249,0.07884820337506132,0.0050774252874799305,,-inf,0.0
AMT_REQ_CREDIT_BUREAU_DAY,numeric,N1,566.0,49.0,517.0,0.08657243816254417,0.005882003446022221,0.00464327532603868,-0.23647741954254559,0.0002929312293284966,,0.0,inf
AMT_REQ_CREDIT_BUREAU_DAY,numeric,MISSING,18036.0,1760.0,16276.0,0.09758261255267243,0.20919731447923476,0.14604110308071225,-0.35938978497416024,0.022697697234297612,,,
AMT_REQ_CREDIT_BUREAU_WEEK,numeric,N0,98644.0,6448.0,92196.0,0.06536636794939378,0.7662646307408948,0.8272342678205318,0.07656034815783211,0.004667856641873678,,-inf,0.0
AMT_REQ_CREDIT_BUREAU_WEEK,numeric,N1,3184.0,206.0,2978.0,0.06469849246231156,0.024538054779870477,0.02672462909875596,0.08536040956022964,0.0001866468793939451,,0.0,inf
AMT_REQ_CREDIT_BUREAU_WEEK,numeric,MISSING,18036.0,1760.0,16276.0,0.09758261255267243,0.20919731447923476,0.14604110308071225,-0.35938978497416024,0.022697697234297612,,,
AMT_REQ_CREDIT_BUREAU_MON,numeric,N0,97666.0,6449.0,91217.0,0.06603116744824197,0.7663834590933397,0.8184501778800645,0.06572988110696223,0.003422339235481055,,-inf,1.0
AMT_REQ_CREDIT_BUREAU_MON,numeric,N1,4162.0,205.0,3957.0,0.04925516578567996,0.024419226427425583,0.03550871903922334,0.37440748271145297,0.004151989013330454,,1.0,inf
AMT_REQ_CREDIT_BUREAU_MON,numeric,MISSING,18036.0,1760.0,16276.0,0.09758261255267243,0.20919731447923476,0.14604110308071225,-0.35938978497416024,0.022697697234297612,,,
AMT_REQ_CREDIT_BUREAU_QRT,numeric,N0,82635.0,5475.0,77160.0,0.06625521873298239,0.6506446438120136,0.6923235667532515,0.062089797216903365,0.002587835873640401,,-inf,0.0
AMT_REQ_CREDIT_BUREAU_QRT,numeric,N1,19193.0,1179.0,18014.0,0.06142864586046996,0.1401580417087517,0.16163533016603635,0.1425720941929677,0.0030620619929415233,,0.0,inf
AMT_REQ_CREDIT_BUREAU_QRT,numeric,MISSING,18036.0,1760.0,16276.0,0.09758261255267243,0.20919731447923476,0.14604110308071225,-0.35938978497416024,0.022697697234297612,,,
AMT_REQ_CREDIT_BUREAU_YEAR,numeric,N0,28070.0,1724.0,26346.0,0.06141788386177414,0.20488297493168586,0.2363911245098831,0.14304877830524196,0.004507202303819938,,-inf,0.0
AMT_REQ_CREDIT_BUREAU_YEAR,numeric,N1,24131.0,1502.0,22629.0,0.06224358708714931,0.17850778187002495,0.20304074363184482,0.1287744702688326,0.003159219155003881,,0.0,1.0
AMT_REQ_CREDIT_BUREAU_YEAR,numeric,N2,31607.0,2109.0,29498.0,0.06672572531401272,0.2506237376737555,0.26467210393618834,0.054538954872552524,0.0007661832136199136,,1.0,3.0
AMT_REQ_CREDIT_BUREAU_YEAR,numeric,N3,8019.0,569.0,7450.0,0.07095647836388577,0.06766068670547701,0.06684880622325105,-0.012071866812284344,9.80091304892491e-06,,3.0,4.0
AMT_REQ_CREDIT_BUREAU_YEAR,numeric,N4,10001.0,750.0,9251.0,0.074992500749925,0.08916478555304741,0.08300808412514692,-0.07154817869230831,0.0004405007739186142,,4.0,inf
AMT_REQ_CREDIT_BUREAU_YEAR,numeric,MISSING,18036.0,1760.0,16276.0,0.09758261255267243,0.20916003326600927,0.14603913757368578,-0.35922501700729753,0.02267460482859076,,,
APP_CREDIT_INCOME_RATIO,numeric,N0,89900.0,6510.0,83390.0,0.07241379310344828,0.7735860266159695,0.7482189642177799,-0.03334121312540008,0.0008457686337833634,,-inf,4.7368421052631575
APP_CREDIT_INCOME_RATIO,numeric,N1,6001.0,420.0,5581.0,0.06998833527745375,0.0499643536121673,0.05007985500484514,0.002309008099338989,2.6669365117806244e-07,,4.7368421052631575,5.25
APP_CREDIT_INCOME_RATIO,numeric,N2,17984.0,1140.0,16844.0,0.06338967971530249,0.13551568441064638,0.15113681225998638,0.1090980823348966,0.0017042350922712416,,5.25,8.44695
APP_CREDIT_INCOME_RATIO,numeric,N3,5979.0,344.0,5635.0,0.0575347048001338,0.04093393536121673,0.05056436851738865,0.2112877142859747,0.002034792209151431,,8.44695,inf
APP_CREDIT_INCOME_RATIO,numeric,MISSING,0.0,0.0,0.0,,0.0,0.0,0.0,0.0,,,
APP_ANNUITY_INCOME_RATIO,numeric,N0,5993.0,363.0,5630.0,0.06057066577673953,0.04318640845907093,0.05051905287430576,0.1568247230229437,0.0011499399294449375,,-inf,0.05844942307692308
APP_ANNUITY_INCOME_RATIO,numeric,N1,23972.0,1591.0,22381.0,0.06636909728016019,0.18908162052988,0.20081559042825226,0.06020824988587611,0.0007064817917945445,,0.05844942307692308,0.10584583333333333
APP_ANNUITY_INCOME_RATIO,numeric,N2,30153.0,2084.0,28069.0,0.069114184326601,0.2476535582749198,0.2518505558396813,0.01680505212453884,7.05307628423795e-05,,0.10584583333333333,0.15
APP_ANNUITY_INCOME_RATIO,numeric,N3,23785.0,1690.0,22095.0,0.07105318478032373,0.20084353094926932,0.19824948633056086,-0.012999882425509375,3.372227504973532e-05,,0.15,0.1963
APP_ANNUITY_INCOME_RATIO,numeric,N4,35955.0,2686.0,33269.0,0.07470449172576832,0.3191754781988832,0.298506993979525,-0.06694767696409895,0.0013837070048551686,,0.1963,inf
APP_ANNUITY_INCOME_RATIO,numeric,MISSING,6.0,0.0,6.0,0.0,5.940358797671379e-05,5.832054767480463e-05,-0.018400149679025656,1.992810366354578e-08,,,
APP_CREDIT_ANNUITY_RATIO,numeric,N0,77911.0,6113.0,71798.0,0.07846132125117121,0.726370819224143,0.6442071734595456,-0.12004028241802334,0.009862947242076705,,-inf,23.4177897574124
APP_CREDIT_ANNUITY_RATIO,numeric,N1,23976.0,1353.0,22623.0,0.05643143143143143,0.16081506564486425,0.2029878199232857,0.23289093268643324,0.009821652077857342,,23.4177897574124,30.912963500822926
APP_CREDIT_ANNUITY_RATIO,numeric,N2,11984.0,666.0,11318.0,0.055574098798397864,0.07918968692449356,0.10155447387900675,0.24874926823745294,0.005563224389221689,,30.912963500822926,34.205495818399044
APP_CREDIT_ANNUITY_RATIO,numeric,N3,5987.0,282.0,5705.0,0.04710205445131117,0.033565021089526526,0.05119221192884861,0.4221029240012745,0.0074404887952063325,,34.205495818399044,inf
APP_CREDIT_ANNUITY_RATIO,numeric,MISSING,6.0,0.0,6.0,0.0,5.940711697261332e-05,5.832080931338462e-05,-0.018455068825427426,2.0047882616654555e-08,,,
APP_GOODS_CREDIT_RATIO,numeric,N0,6973.0,816.0,6157.0,0.11702280223720063,0.09700605916597363,0.05524750343193992,-0.5629502895563895,0.023507991041930906,,-inf,0.7163323782234957
APP_GOODS_CREDIT_RATIO,numeric,N1,16998.0,1622.0,15376.0,0.0954229909401106,0.19276464298443627,0.13796398481871283,-0.3344773068272416,0.01832957655563146,,0.7163323782234957,0.8256293970579685
APP_GOODS_CREDIT_RATIO,numeric,N2,18096.0,1386.0,16710.0,0.07659151193633952,0.16472614945942735,0.14993315567997273,-0.09409482885234174,0.0013919442178915381,,0.8256293970579685,0.8632611155345095
APP_GOODS_CREDIT_RATIO,numeric,N3,24207.0,1542.0,22665.0,0.06370058247614327,0.18326006890816204,0.20336374974204374,0.10408996065713731,0.0020925913470623914,,0.8632611155345095,0.9099181073703366
APP_GOODS_CREDIT_RATIO,numeric,N4,53480.0,3040.0,50440.0,0.056843679880329095,0.36123321848639656,0.4525719361524589,0.22542294109664268,0.020589842372279645,,0.9099181073703366,inf
APP_GOODS_CREDIT_RATIO,numeric,MISSING,110.0,8.0,102.0,0.07272727272727272,0.0010098609956041345,0.0009196701748719191,-0.09355287205837043,8.437610312800376e-06,,,
APP_INCOME_PER_PERSON,numeric,N0,6570.0,517.0,6053.0,0.0786910197869102,0.06147540983606557,0.054313887343657476,-0.12385730836504989,0.0008870068997054304,,-inf,28125.0
APP_INCOME_PER_PERSON,numeric,N1,12211.0,951.0,11260.0,0.07788059945950372,0.11303159895462105,0.1010327130475353,-0.11222306042835833,0.0013465516982238603,,28125.0,40500.0
APP_INCOME_PER_PERSON,numeric,N2,23437.0,1705.0,21732.0,0.07274821862866408,0.2026015680684248,0.19499075851920972,-0.03828916627880184,0.00029141155234618934,,40500.0,60000.0
APP_INCOME_PER_PERSON,numeric,N3,32617.0,2251.0,30366.0,0.0690130913327406,0.26746258018531716,0.272457695551528,0.01850368697572707,9.242805114400956e-05,,60000.0,90000.0
APP_INCOME_PER_PERSON,numeric,N4,24456.0,1664.0,22792.0,0.06804056264311416,0.1977310525065336,0.20450140865289715,0.03366707707065733,0.00022793810217541978,,90000.0,135000.0
APP_INCOME_PER_PERSON,numeric,N5,15718.0,1033.0,14685.0,0.06572082962208932,0.12277263007840342,0.13176287975308199,0.07066983290659978,0.0006353394422981475,,135000.0,225000.0
APP_INCOME_PER_PERSON,numeric,N6,4854.0,293.0,4561.0,0.06036258755665431,0.03486576383939178,0.040927198664920054,0.16028947714405695,0.0009715842189267053,,225000.0,inf
APP_INCOME_PER_PERSON,numeric,MISSING,1.0,0.0,1.0,0.0,5.9396531242575434e-05,1.3458467170312416e-05,-1.4846273907052112,6.820090819765265e-05,,,
APP_EMPLOYED_AGE_RATIO,numeric,N0,14686.0,1423.0,13263.0,0.09689500204276182,0.16902161006886726,0.11899998205602111,-0.3509032346565769,0.017552751072495754,,-inf,0.03454993000106204
APP_EMPLOYED_AGE_RATIO,numeric,N1,9790.0,941.0,8849.0,0.09611848825331971,0.11179054856328663,0.07939762062839814,-0.34215861745014625,0.011083519437363666,,0.03454993000106204,0.0562475440131696
APP_EMPLOYED_AGE_RATIO,numeric,N2,4895.0,458.0,4437.0,0.09356486210418795,0.05444075041557825,0.03981320317967306,-0.31291436649659604,0.0045771696767223065,,0.0562475440131696,0.06764886279680789
APP_EMPLOYED_AGE_RATIO,numeric,N3,4895.0,433.0,4462.0,0.08845760980592442,0.05147233436238423,0.04003750291589657,-0.25122787871644964,0.0028727484477812457,,0.06764886279680789,0.0794223913269106
APP_EMPLOYED_AGE_RATIO,numeric,N4,4895.0,432.0,4463.0,0.08825331971399387,0.05135359772025647,0.04004647490534551,-0.24869434433626492,0.0028120174947839035,,0.0794223913269106,0.09177807047401992
APP_EMPLOYED_AGE_RATIO,numeric,N5,9791.0,792.0,8999.0,0.08089061382902665,0.0940987888862503,0.0807434190457392,-0.15306871511564948,0.0020442893013813304,,0.09177807047401992,0.11975524475524475
APP_EMPLOYED_AGE_RATIO,numeric,N6,9790.0,742.0,9048.0,0.07579162410623085,0.08816195677986227,0.08118304652873728,-0.08246910216034657,0.0005755444624679165,,0.11975524475524475,0.1539135414103298
APP_EMPLOYED_AGE_RATIO,numeric,N7,4895.0,338.0,4557.0,0.06905005107252299,0.04019235336024697,0.04088984191354591,0.017204905616740727,1.2000224728265253e-05,,0.1539135414103298,0.17323905566569467
APP_EMPLOYED_AGE_RATIO,numeric,N8,4895.0,330.0,4565.0,0.06741573033707865,0.03924246022322489,0.04096161782913743,0.04287614818090607,7.371085625743785e-05,,0.17323905566569467,0.1952909472344571
APP_EMPLOYED_AGE_RATIO,numeric,N9,4895.0,300.0,4595.0,0.06128702757916241,0.03568036095939207,0.04123077751260565,0.14458458023915435,0.0008025046474988396,,0.1952909472344571,0.22116587657440095
APP_EMPLOYED_AGE_RATIO,numeric,N10,4895.0,286.0,4609.0,0.058426966292134834,0.03401804796960342,0.04135638536489081,0.195335625500107,0.0014334387252392877,,0.22116587657440095,0.25231111427309627
APP_EMPLOYED_AGE_RATIO,numeric,N11,4895.0,283.0,4612.0,0.05781409601634321,0.033661838043220135,0.04138330133323763,0.2065126565972282,0.0015945798968394866,,0.25231111427309627,0.29174133910726185
APP_EMPLOYED_AGE_RATIO,numeric,N12,4895.0,255.0,4640.0,0.05209397344228805,0.03033721206364284,0.04163451703780796,0.3165544798079407,0.003576212499328501,,0.29174133910726185,0.34911179915885215
APP_EMPLOYED_AGE_RATIO,numeric,N13,4895.0,224.0,4671.0,0.04576098059244127,0.026656376157682262,0.041912648710725114,0.45255928246695365,0.006904367759725353,,0.34911179915885215,0.44467526597792423
APP_EMPLOYED_AGE_RATIO,numeric,N14,4896.0,169.0,4727.0,0.03451797385620915,0.020125860840655426,0.04241508011986578,0.74549836512836,0.01661657653263884,,0.44467526597792423,inf
APP_EMPLOYED_AGE_RATIO,numeric,MISSING,21961.0,1008.0,20953.0,0.045899549200856066,0.1197459035858466,0.18799458091837284,0.4510411098577012,0.030782959170382772,,,
